{"sims": ["basic", "0.0001-0", "0.0001-0.0001", "0.0001-0.001", "0.001-0.001"], "grids": [4, 8, 16, 32, 64, 128, 256, 512], "times": [[0.02307228809595108, 0.7341678428649903, 0.7515386562347409, 0.7511613445281983, 0.7256290245056152], [0.042507039964199064, 1.4467806968688968, 1.6163535022735602, 1.6132926692962652, 1.6150756740570065], [0.10046092790365214, 3.3563525772094707, 2.9633502807617194, 2.8231558723449703, 2.9288593635559086], [0.1699004803299903, 9.38012551879882, 7.275082134246824, 6.797191616058347, 7.923998392105098], [0.40073520016670217, 40.63679995346065, 39.66659579086303, 34.090471797943124, 39.56844528579712], [2.1883477448225044, 281.4460066070562, 248.02591333007808, 211.09395705413817, 247.0037981033324], [32.51465983486182, 1279.7646186828638, 866.6144197998055, 864.0948447570806, 914.8596569213852], [520.4813277206412, 4479.854399322497, 2939.800175506591, 2888.670835571285, 3131.2344175720223]], "round": [[[], 0.5575199723243713, 0.4139676799774172, 0.4138656002283096, 0.40264976012706744], [[], 1.1006487362384785, 0.9155703047513964, 0.9136985921859742, 0.9147863368988033], [[], 2.682489217281339, 1.726662944674491, 1.5875505907535556, 1.69418790245056], [[], 7.8747729673385605, 4.496936700344087, 4.031882498383519, 5.103924128174777], [[], 37.839418400764586, 25.710386919736923, 20.517205751180644, 25.557064465522753], [[], 274.2923591022492, 133.05368846893262, 109.58131865882885, 130.57769985198988], [[], 1262.0318293247246, 372.03606294727285, 369.9182833538048, 420.6481052207955], [[], 4409.666281433121, 1017.8587715854615, 980.999120605468, 1231.5240664062483]], "svd": [[[], 0.17936278757452978, 0.12047910405695439, 0.12044291166961199, 0.11811059196293357], [[], 0.30706044772267327, 0.3207728964686391, 0.3201304323375226, 0.3209383361041547], [[], 1.041425728157163, 0.7516125758588323, 0.6866294076740742, 0.7368433275818819], [[], 3.5894600659757927, 2.253092416048044, 1.9167790399789855, 2.703928515225647], [[], 17.138079554438548, 17.42754052644975, 13.311752577275055, 17.2519100375474], [[], 79.53431545400643, 86.3258015236259, 68.97815522313135, 83.53350290167384], [[], 336.9319069495213, 166.09207296764845, 164.3489724586013, 214.77504864370812], [[], 682.1090752019863, 282.09744222521954, 253.8624348115933, 499.9114590636451]], "qr": [[[], 0.16601939189434037, 0.18593795202672492, 0.18601363208889943, 0.1790569600313903], [[], 0.3977855040282015, 0.4258740158975129, 0.425604992136359, 0.4259547522217031], [[], 0.8811211522519602, 0.7998342724144455, 0.7740930563658475, 0.793743616297841], [[], 2.6695934723019628, 2.2637736955434082, 2.193964544713494, 2.352159520566461], [[], 17.345352128118286, 16.023968154817762, 15.056457538247198, 16.141104128181908], [[], 181.8066958039407, 144.90364774292547, 127.19282341235846, 146.6271812226169], [[], 882.2394146439993, 656.3124091128714, 655.6103888376315, 655.928988726084], [[], 3557.6717086297717, 2506.252955859992, 2485.151080985824, 2483.5653386219096]], "add": [[[], 0.061529248185455715, 0.0592881279811263, 0.059221887961029965, 0.056743967972695826], [[], 0.10579804800450798, 0.11908668801188468, 0.11905244803428655, 0.11905766411870705], [[], 0.20564742406457634, 0.2050375358983873, 0.20516067209094732, 0.20492198383063043], [[], 0.4573611840233202, 0.41091337583214, 0.4108845760747796, 0.4165820479989054], [[], 0.8444056960120797, 0.8467614083215582, 0.8308876797929446, 0.8400471678674226], [[], 3.0288608960881866, 2.181677535444501, 1.9718989760503216, 2.2084417923130073], [[], 7.699415520027299, 5.65317497462779, 5.6518175666034445, 5.649018241219193], [[], 31.211035797365305, 21.457316760592203, 21.320819925926923, 21.09051638463136]], "norm": [[[], 0, 0.12757836794853206, 0.12749289602041253, 0.12256899198889737], [[], 0, 0.27720761603117033, 0.27688217580318447, 0.27737926441431043], [[], 0, 0.5243952643871308, 0.5234079033136362, 0.5237539198994642], [[], 0, 1.3473889595568178, 1.336031200498338, 1.3720595195293415], [[], 0, 10.969870817542096, 10.640464891672123, 11.046803642988193], [[], 0, 108.79841697168332, 95.49297998452185, 110.24199563741706], [[], 0, 481.088832317354, 480.68950742912136, 480.7411980295181], [[], 0, 1874.0787852735562, 1860.069508130073, 1852.6641213512523]], "errors": [[1.0245702668182926, 1.0245702668182948, 1.0245702668182948, 1.0245702668182948, 1.0245702668182948], [0.9245309349582065, 0.9245309349582146, 0.9245309349582146, 0.9245309349582146, 0.9245309349582146], [2.7476330493208464e-14, 0.0005613630147546033, 0.0004788289360173467, 0.00035923939621079824, 0.004654060347935023], [3.2848328475480185e-14, 0.0007459639638646316, 0.00047646275974676727, 0.0002495155969009012, 0.008087563970756327], [1.9488125361583674e-14, 0.000809002730624915, 0.0010809565852767592, 0.0004935704439527054, 0.01351485949805874], [1.5101640964583236e-14, 0.0018066858690590185, 0.0025968829388587655, 0.0008037969762935016, 0.022023257496741385], [1.4906303757972094e-14, 0.00014325883198329351, 0.00024988373744503294, 0.00025492652495038627, 0.001851739294601278], [1.5089263920175094e-14, 0.0002225818864529818, 0.0020601721179483593, 0.0004615596007976816, 0.21691152868283167]], "sizes": [[4320, 4648, 4648, 4648, 4648], [29376, 30824, 30824, 30824, 30824], [215424, 208376, 208376, 208376, 208376], [1647360, 662664, 662664, 662664, 662664], [12879360, 9283864, 8147064, 8147064, 8399344], [101846016, 91648328, 56999384, 50916488, 59562224], [810031104, 203125896, 203125896, 203125896, 203125896], [6461337600, 1214547080, 1214547080, 1214547080, 1214547080]], "rank1": [[[], [4, 3, 3, 5, 4, 4], [4, 3, 3, 5, 4, 4], [4, 3, 3, 5, 4, 4], [4, 3, 3, 5, 4, 4]], [[], [8, 7, 7, 9, 8, 8], [8, 7, 7, 9, 8, 8], [8, 7, 7, 9, 8, 8], [8, 7, 7, 9, 8, 8]], [[], [15, 15, 15, 17, 15, 15], [15, 15, 15, 17, 15, 15], [15, 15, 15, 17, 15, 15], [15, 15, 15, 17, 15, 15]], [[], [18, 19, 19, 33, 18, 18], [17, 17, 17, 33, 17, 17], [17, 17, 17, 33, 16, 16], [18, 18, 18, 33, 17, 17]], [[], [55, 57, 58, 65, 56, 56], [49, 48, 48, 65, 47, 47], [49, 48, 48, 65, 47, 47], [54, 55, 55, 65, 55, 55]], [[], [120, 122, 123, 129, 121, 121], [105, 104, 104, 129, 104, 104], [81, 81, 81, 129, 81, 81], [108, 108, 108, 129, 108, 108]], [[], [80, 81, 81, 257, 80, 80], [81, 81, 81, 257, 80, 80], [81, 81, 81, 257, 80, 80], [81, 81, 81, 257, 80, 80]], [[], [80, 81, 82, 513, 80, 80], [81, 81, 81, 513, 81, 81], [82, 81, 81, 513, 81, 81], [80, 80, 80, 513, 80, 80]]], "rank2": [[[], [3, 3, 4, 4, 4, 4], [3, 3, 4, 4, 4, 4], [3, 3, 4, 4, 4, 4], [3, 3, 4, 4, 4, 4]], [[], [7, 7, 8, 8, 8, 8], [7, 7, 8, 8, 8, 8], [7, 7, 8, 8, 8, 8], [7, 7, 8, 8, 8, 8]], [[], [15, 15, 15, 16, 15, 15], [15, 15, 15, 16, 15, 15], [15, 15, 15, 16, 15, 15], [15, 15, 15, 16, 15, 15]], [[], [20, 22, 22, 32, 21, 21], [18, 17, 17, 32, 18, 17], [17, 17, 17, 32, 16, 16], [20, 21, 20, 32, 21, 21]], [[], [55, 56, 56, 64, 55, 55], [52, 52, 52, 64, 52, 52], [49, 48, 48, 64, 47, 47], [55, 55, 55, 64, 55, 55]], [[], [126, 126, 126, 128, 125, 125], [98, 96, 97, 128, 96, 96], [83, 81, 81, 128, 81, 80], [98, 97, 98, 128, 97, 97]], [[], [82, 81, 81, 256, 80, 80], [82, 81, 81, 256, 80, 80], [82, 81, 81, 256, 80, 80], [82, 81, 81, 256, 80, 80]], [[], [83, 81, 81, 512, 80, 80], [88, 87, 87, 512, 87, 88], [83, 82, 82, 512, 82, 82], [81, 80, 80, 512, 80, 80]]]}