{"sims": ["basic", "0.0001-0", "0.0001-0.0001", "basic", "1e-05-0", "1e-05-1e-05", "basic", "1e-06-0", "1e-06-1e-06", "basic", "1e-07-0", "1e-07-1e-07"], "grids": [16, 32, 64, 128, 256, 512], "times": [[0.0410474881529808, 1.1225727996826171, 0.8847520637512207, 0.04058099216222763, 1.2468180236816406, 0.9255490455627442, 0.039462144076824184, 1.2199158363342284, 1.2197284202575682, 0.03940870410203934, 1.2272385272979733, 1.2408307876586915], [0.07906879985332488, 2.071976808547974, 1.7715222721099844, 0.07907139182090757, 2.884480480194092, 1.9348587932586676, 0.07908876794576644, 3.6936187515258787, 3.6601666450500483, 0.09366960012912749, 3.70201284790039, 3.8484573287963855], [0.15782867199182507, 4.399767995834352, 3.5764778690338126, 0.15719081574678423, 6.870884218215944, 3.743606748580933, 0.15723635184764875, 12.937061851501465, 12.357773693084708, 0.15808294397592554, 13.392080673217771, 13.279229576110838], [0.6612984645366673, 7.3873324871063275, 6.073994406700129, 0.6574241914749152, 12.345361694335942, 5.874469593048096, 0.6566067841053008, 40.69083923339844, 26.586168994903552, 0.6564874242544171, 58.38308290100099, 52.49391873931886], [9.753193948745738, 15.225693719863889, 11.338171233177182, 9.75361841106414, 26.857990644454986, 11.837701142311095, 9.753684030532842, 158.45598867797844, 53.95943542861944, 9.753756034851074, 352.29779611969036, 215.45378332519525], [156.14916121673588, 33.640183050155656, 23.0558188543319, 156.14901922607382, 76.35665396499635, 24.345904648780802, 156.15026980590795, 930.4061992187504, 140.7061769485473, 156.14412629699743, 2265.618879531859, 731.1668012084951]], "round": [[[], 0.8280990712642673, 0.4405214401483537, [], 0.9757105040550234, 0.48048464012146, [], 0.9449269134998317, 0.7472402222156524, [], 0.9530212161540985, 0.765636449098587], [[], 1.5299173426628114, 0.8825464954376219, [], 2.2689238047599765, 1.0391079347133636, [], 3.0895903363227846, 2.381583552598953, [], 3.10907145643234, 2.460894756555559], [[], 3.3104867508411417, 1.7768504014015165, [], 5.677763802051544, 1.9256447358131386, [], 11.718067550659192, 8.433315142631534, [], 12.253674102783211, 8.424966786861418], [[], 5.784932928919799, 3.102818178534507, [], 10.676006116867065, 3.100778846979143, [], 38.85374427795405, 17.743546488285023, [], 56.63982645320888, 30.03742917442317], [[], 11.99420233345032, 5.843442623496049, [], 23.562343519210792, 6.2247507503032855, [], 154.3850248141292, 32.22553283810603, [], 347.11316441059085, 110.87884900569948], [[], 27.127464413046813, 11.861079836249361, [], 69.77334519338572, 12.56269567573071, [], 910.3186339550031, 69.14916360569009, [], 2231.896260692601, 304.8634993190755]], "svd": [[[], 0.23242105875909305, 0.10173766393959528, [], 0.38440786632895496, 0.11864771194756038, [], 0.32786649620532976, 0.3173191357851029, [], 0.33709542453289004, 0.33710246396064764], [[], 0.37327424024045475, 0.20483254410326482, [], 0.8146919039785869, 0.2554318401217461, [], 1.3596719343960284, 1.3405785275697712, [], 1.357883550047875, 1.3758593613803394], [[], 0.8222955843657248, 0.4097965760529039, [], 2.3184407044947144, 0.5184404798299064, [], 5.605106595516188, 5.5094291137456946, [], 5.428190529823294, 5.43325645458699], [[], 1.4421676178872613, 0.7469702078104032, [], 4.314644955977807, 0.8622023352682588, [], 16.100545209765496, 11.411386692643205, [], 19.9340136317015, 18.861870693802814], [[], 2.855166177600623, 1.408680351331834, [], 8.712768738672084, 1.6944374734610366, [], 50.1594303754567, 19.648896926552005, [], 94.7077916747334, 65.99324458968648], [[], 5.727324802443376, 2.858603678934275, [], 18.63314415314776, 3.309136412516233, [], 162.45453522086186, 37.25768172079327, [], 355.20562588119384, 140.33119789421576]], "qr": [[[], 0.2260013439506292, 0.19794848003983484, [], 0.2533609281480311, 0.20568051211535932, [], 0.29590972808003385, 0.28845151999592766, [], 0.2976136958450076, 0.2941526079028847], [[], 0.4866670397222042, 0.3974460477828985, [], 0.7307845776826141, 0.43838950401544546, [], 1.064341600179673, 1.0238903042972105, [], 1.0997007039189357, 1.1087915523350262], [[], 1.2000859517902103, 0.8102919040471325, [], 1.9527443187832838, 0.8578404476791648, [], 4.7324011517167035, 4.179052928537142, [], 5.491329279005515, 5.295240224897873], [[], 2.2904771846383722, 1.4033883525729203, [], 4.209240287482733, 1.3994877764284528, [], 20.32187712654467, 10.917975233674063, [], 33.90770041480664, 29.244576897472207], [[], 4.965939200043688, 2.6374991358220528, [], 10.530193758815562, 2.8376052480339857, [], 97.65199351976842, 25.91084563767935, [], 240.30265268230497, 137.74375594261244], [[], 12.91685661052173, 5.447409183770408, [], 42.14368146322673, 6.217515296235672, [], 712.1184205084154, 86.5497179267103, [], 1785.0363715759463, 555.7166526800122]], "add": [[[], 0.10559702450037002, 0.08140054401755341, [], 0.08207423983514309, 0.0817933760136366, [], 0.08210435195267198, 0.08221299213171009, [], 0.08236880004405985, 0.08243075203895558], [[], 0.1642632319480181, 0.16321369610726866, [], 0.185833344221115, 0.1636053762137891, [], 0.18083379191160184, 0.17927532814443095, [], 0.17742086401581753, 0.19105267193913486], [[], 0.32890239985287156, 0.32789897589385586, [], 0.35730480001866854, 0.32747580797970405, [], 0.35951433624327245, 0.3593176323473451, [], 0.3386043517589574, 0.34157391977310175], [[], 0.4938128002881997, 0.5357804797887797, [], 0.5115269758999339, 0.49117712010443226, [], 0.5540356480553741, 0.557840192355214, [], 0.5664526077806946, 0.5232935040667662], [[], 0.9926351038962624, 0.9852504639402015, [], 1.0126458559930296, 0.9864281919598585, [], 1.3714620155468582, 1.0897309115454596, [], 2.1208482243716738, 1.4130142719149632], [[], 2.00628384009005, 1.9947246078848893, [], 1.9858699520044005, 1.9984686395377065, [], 7.304698210610055, 2.137585631810128, [], 14.653827046520947, 4.797187968447848]], "norm": [[[], 0, 0.15306447970867154, [], 0, 0.15429552006721495, [], 0, 0.1819286720752715, [], 0, 0.18787126392126072], [[], 0, 0.3065929278135301, [], 0, 0.31220911973714843, [], 0, 0.6503913926482194, [], 0, 0.7179897923469544], [[], 0, 0.6280188485980038, [], 0, 0.6463753281831743, [], 0, 2.6534739211797738, [], 0, 3.6457954587936356], [[], 0, 1.08068038484454, [], 0, 1.0470026886165131, [], 0, 6.892914977550509, [], 0, 20.630859065532654], [[], 0, 2.0191229757368565, [], 0, 2.1372261124849334, [], 0, 17.91925103104115, [], 0, 100.48310846853292], [[], 0, 4.165848831176769, [], 0, 4.730741438984866, [], 0, 64.20852506780605, [], 0, 414.824510424614]],