{"sims": ["0.0001-1e-06"], "grids": [512], "times": [[2886.199256774906]], "round": [[982.988013971327]], "svd": [[254.37361053335678]], "qr": [[2479.890876767862]], "add": [[21.245224152527733]], "norm": [[1855.5858102569555]], "errors": [[0.00030831385504126663]], "sizes": [[135186840]], "rank1": [[[81, 80, 80, 4, 80, 80]]], "rank2": [[[82, 80, 80, 4, 80, 80]]]}