{"grids": [4, 8, 16, 32, 64, 128, 256, 512], "basic_times": [0.18886476808786407, 0.38069286447763484, 0.7644784957766536, 1.5348338556885726, 3.1074970239996915, 11.59873004865643, 166.93735823154407, 2694.8612349624536], "tt_times": [3.247433315277101, 6.411030787467957, 12.999724266052244, 25.958255018234265, 54.63875891876228, 105.91168764877307, 191.7169246358866, 387.1463347215646], "round_times": [2.3446474251747116, 4.60617315554619, 9.368667679667485, 18.67970400774479, 39.831389016986, 81.24102185714239, 149.8035449421416, 301.79724407327456], "qr_times": [0.7739932151809293, 1.4715036803334876, 2.9243714246600843, 6.29647334471347, 14.203660831283774, 30.92430899070311, 50.97664588867306, 114.26439865958615], "svd_times": [0.401864767923951, 0.9276672317832695, 1.9739754565507164, 3.707915648609399, 8.423807870522214, 16.319297985330206, 31.065350272038003, 58.84929293180405], "add_times": [0.28620134378969625, 0.5652463678792101, 1.1341034556776304, 2.2685786555484158, 4.598508575119099, 7.368418720343042, 11.349886113636076, 22.352479710992103], "basic_errors": [29.349273700085565, 0.9984350493120069, 0.23177352053606734, 0.09046437836589712, 0.025377532686738667, 0.00555429192524276, 0.0015498645774538846, 0.0004005175840314552], "tt_errors": [29.349273700085778, 0.9984350493117964, 0.2317886753216809, 0.0904646170813578, 0.025379407584729216, 0.005550776704075297, 0.0015564756210784104, 0.00045480418705577024], "basic_sizes": [2016, 20160, 178560, 1499904, 12289536, 99486720, 800593920, 6423588864], "tt_sizes": [2392, 6616, 16920, 34072, 68376, 136984, 274200, 548632], "ranks": [[[2, 2, 2, 2, 2, 2, 2, 2], [1, 1, 1, 1, 1, 1, 1, 1], [1, 1, 1, 1, 1, 1, 1, 1], [1, 1, 1, 1, 1, 1, 1, 1], [1, 1, 1, 1, 1, 1, 1, 1], [1, 1, 1, 1, 1, 1, 1, 1]], [[12, 16, 20, 20, 20, 20, 20, 20], [1, 1, 1, 1, 1, 1, 1, 1], [1, 1, 1, 1, 1, 1, 1, 1], [1, 1, 1, 1, 1, 1, 1, 1], [2, 6, 10, 10, 10, 10, 10, 10], [2, 6, 10, 10, 10, 10, 10, 10]]]}