{"sims": ["basic", "0.0001-0", "0.0001-0.0001", "basic", "1e-05-0", "1e-05-1e-05", "basic", "1e-06-0", "1e-06-1e-06", "basic", "1e-07-0", "1e-07-1e-07"], "grids": [16, 32, 64, 128, 256, 512], "times": [[0.027946015954017637, 0.9007431735992432, 0.7044640979766844, 0.026245696067810055, 1.0805202770233158, 0.7416513957977295, 0.026197055935859682, 0.9869739265441897, 0.9629575347900392, 0.02620649588108063, 1.013912223815918, 1.025899076461792], [0.052725280165672316, 1.5793623943328852, 1.410920707702637, 0.05261385613679886, 1.977602657318115, 1.4399950389862062, 0.05276243215799333, 2.9084242858886715, 2.6434737644195554, 0.05285369586944582, 3.0650933933258067, 3.0699719352722163], [0.12399603176116944, 3.2711025505065914, 2.8557449245452884, 0.10500092792510984, 4.231984466552737, 2.9344714584350564, 0.10518143987655636, 9.473112689971922, 7.487656795501704, 0.10474361604452133, 11.288040546417239, 10.83247414398193], [0.6581559979915621, 6.520762882232665, 5.681325755119324, 0.6587504315376282, 7.93578257369995, 5.8071765356063825, 0.658036928653717, 25.815214275360095, 14.72698841285706, 0.6578780802488329, 46.31174029922483, 37.34180009841922], [9.757240676879883, 13.500210876464848, 11.638074009895323, 9.756399190902709, 16.859088232040406, 11.852106223106382, 9.756267754554749, 93.44581114959715, 26.764551832199114, 9.756388648033138, 233.31972498321556, 111.45005076599101], [156.1455268173219, 27.415286066055305, 22.855512201309217, 156.14549289703373, 34.13884339332582, 23.232726793289167, 156.14470388031032, 596.215726734162, 56.071021371841425, 156.14559761047354, 1334.9659142112744, 322.86868810272244]], "round": [[[], 0.6740247070789337, 0.35867606496810894, [], 0.8779781157970427, 0.3961942076683047, [], 0.7800358390808105, 0.5979006741046903, [], 0.8082537286281584, 0.6450062392950058], [[], 1.1734024307727813, 0.71903766465187, [], 1.5713271018266677, 0.7458065910339357, [], 2.47411010766029, 1.749446979045868, [], 2.6153585333824148, 1.9706220803260808], [[], 2.4516015999317173, 1.4546331204175962, [], 3.412701630473136, 1.5302533450126645, [], 8.54298036670684, 5.390430213928222, [], 10.392609906673435, 6.938010524034507], [[], 4.895679685711858, 2.908719775438316, [], 6.309682365894316, 3.0243766702413533, [], 24.00589078426359, 10.758919295072564, [], 44.43519453334794, 22.916840384006427], [[], 10.205004932880412, 5.968631360173231, [], 13.2912086364031, 6.173124802470186, [], 89.6598201551435, 18.465090954184447, [], 228.85188780641593, 63.46186680030821], [[], 20.775219776630376, 11.676929122209595, [], 27.028430788755433, 12.010293791532522, [], 579.8328153677012, 36.7698757815362, [], 1311.5367814483639, 155.17158388853105]], "svd": [[[], 0.18121276798844319, 0.08751465600728987, [], 0.40005836972594266, 0.1001476159095765, [], 0.26824755205214007, 0.2463337599188091, [], 0.29170166413485993, 0.29321334421634687], [[], 0.2605392958670852, 0.17521004816889763, [], 0.5840782727301127, 0.18859644800424558, [], 1.015885632812975, 0.9580593611001966, [], 1.0844451502710577, 1.0787190086841576], [[], 0.5452045439481731, 0.3523129279464476, [], 1.283992990925908, 0.40848867189884175, [], 4.040311645090581, 3.454714659288529, [], 4.458312643066051, 4.335429788917302], [[], 1.08025500804186, 0.7087037756145007, [], 2.2760866270512383, 0.7896697271764275, [], 11.174774665892116, 6.7940767390578864, [], 16.113591423258168, 14.682332228392358], [[], 2.1916633276045396, 1.4064359369724948, [], 4.3213301438912906, 1.557791456080977, [], 35.303102105647284, 11.29004447801417, [], 69.69094287981117, 41.81445491220024], [[], 4.235240287527454, 2.7940807347446786, [], 8.11948426090925, 3.019528799466777, [], 112.28968600943713, 21.26391786310079, [], 225.3078770031179, 83.08104435849145]], "qr": [[[], 0.18409779217839217, 0.16314243189990504, [], 0.2107974081784483, 0.17018412812054154, [], 0.25062252788245654, 0.23639011207222926, [], 0.26016691184043905, 0.25731660793721695], [[], 0.36899628825485753, 0.3270460163950922, [], 0.45569388721883225, 0.33599129635095576, [], 0.9200524817705154, 0.6988854081034663, [], 0.9931912644952537, 0.9685402240157119], [[], 0.8432048318386042, 0.664775167912247, [], 1.057163424104452, 0.6840483839958906, [], 3.367300802737474, 1.96065804758668, [], 4.825989345058789, 4.396578849256028], [[], 1.6984934072941562, 1.3190033281445501, [], 1.9200048324465782, 1.3505772162675866, [], 10.546041594803377, 3.826887486174699, [], 25.780696350753225, 18.228850088194008], [[], 3.646558943927298, 2.7268953606784314, [], 4.299575104892226, 2.7811841589957216, [], 49.1659563416541, 7.346469184994731, [], 150.61878133113666, 60.22584686231579], [[], 7.880724192544836, 5.343100992843504, [], 9.716144385114312, 5.484946528285699, [], 443.74368680052186, 18.6253915884645, [], 1035.6765273012047, 218.70647742964422]], "add": [[[], 0.08623990490287549, 0.06222767989337445, [], 0.06251174397021524, 0.062237151965498894, [], 0.0640445759668946, 0.0626414719074964, [], 0.06271756801754232, 0.06253817602246996], [[], 0.12499260795116392, 0.12488505602627978, [], 0.1253455041423439, 0.12495606397092335, [], 0.13246844816207864, 0.1276216640770435, [], 0.1363709440007805, 0.1371860159859062], [[], 0.252031935848296, 0.2505719358995553, [], 0.25190195210278044, 0.2504575999975204, [], 0.2803419842049473, 0.2704095040261747, [], 0.26951459182798865, 0.274469184175134], [[], 0.4982154558897024, 0.49534959990531147, [], 0.497742528036238, 0.49598844803124664, [], 0.5446822721138598, 0.5376407041624183, [], 0.5672232322469358, 0.572807040281596], [[], 1.0135224640667415, 1.0113220479041323, [], 1.0938130559399708, 1.0095932801514866, [], 1.1707816319055881, 1.0649933756068306, [], 1.6367845435887636, 1.168839039713146], [[], 2.033739679813401, 1.9988755515963024, [], 2.1733162883967196, 1.9930035196915497, [], 5.658145214276376, 2.129569247774766, [], 9.246742335718126, 2.7526564800776616]], "norm": [[[], 0, 0.12660319983959206, [], 0, 0.12609721586108208, [], 0, 0.14661817604303357, [], 0, 0.16367513591051103], [[], 0, 0.25220864024758366, [], 0, 0.2546523195505139, [], 0, 0.44768614399433115, [], 0, 0.619612159907817], [[], 0, 0.5154340479075902, [], 0, 0.5186709122657773, [], 0, 1.1517756788730622, [], 0, 2.926328831851483], [[], 0, 1.0135449602901938, [], 0, 1.023816735506058, [], 0, 2.0858514570593822, [], 0, 12.401553032398223], [[], 0, 2.087210561007263, [], 0, 2.104450144141907, [], 0, 4.5770543043017256, [], 0, 43.9509603966474], [[], 0, 4.0938608289063145, [], 0, 4.156136833578361, [], 0, 11.818527967870258, [], 0, 159.41980912458828]],