{"grids": [4, 8, 16, 32, 64, 128, 256, 512], "basic_times": [0.1116115522384643, 0.22605423963069923, 0.45257328027486765, 0.9049477774500857, 1.8140341097712454, 10.98366058361534, 161.77233768367822, 2604.871662475586], "tt_times": [3.199727520942689, 6.251494712829586, 12.65930764579775, 25.0900073862076, 51.28229007625582, 97.41456577777859, 181.285909249305, 362.2737967767735], "round_times": [2.3626185581684127, 4.5771078091859705, 9.300088226914388, 18.35726456928261, 37.80102213573447, 77.67124931919527, 146.11334027433614, 291.9961017221247], "qr_times": [0.7498419514000436, 1.4663855683803493, 2.9191563198268335, 6.100304321341203, 13.054627712302027, 28.210704643845926, 48.93105983861453, 104.42835389187131], "svd_times": [0.4099388163834817, 0.9236159680336715, 1.907705888062717, 3.5713970567434794, 7.413011265844177, 14.848274273127288, 28.9861904964749, 55.762682181950694], "add_times": [0.26772575995326003, 0.5285813120454548, 1.0592033600285624, 2.121723392479128, 4.2395829107984975, 6.052254177398783, 9.747866084412545, 19.502887906915205], "basic_errors": [6.527228555302789, 2.973165496486045, 1.886375702517639, 1.7934473035728542, 1.6191023704020362, 0.6916718801376315, 0.17797123605561174, 0.04406849522712987], "tt_errors": [6.527228555302438, 2.759064203313614, 1.8863708074800767, 1.7934433104311711, 1.619115448668998, 0.6916184559524806, 0.17803534912839372, 0.04453326769075074], "basic_sizes": [2016, 20160, 178560, 1499904, 12289536, 99486720, 800593920, 6423588864], "tt_sizes": [680, 2920, 9000, 18216, 36648, 73512, 147240, 294696], "ranks": [[[1, 1, 1, 1, 1, 1, 1, 1], [1, 1, 1, 1, 1, 1, 1, 1], [1, 1, 1, 1, 1, 1, 1, 1], [1, 1, 1, 1, 1, 1, 1, 1], [1, 1, 1, 1, 1, 1, 1, 1], [1, 1, 1, 1, 1, 1, 1, 1]], [[2, 6, 10, 10, 10, 10, 10, 10], [1, 1, 1, 1, 1, 1, 1, 1], [1, 1, 1, 1, 1, 1, 1, 1], [1, 1, 1, 1, 1, 1, 1, 1], [2, 6, 10, 10, 10, 10, 10, 10], [2, 6, 10, 10, 10, 10, 10, 10]]]}