{"grids": [4, 8, 16, 32, 64, 128, 256, 512], "basic_times": [], "tt_times": [3.169333437919615, 7.499794152259815, 15.31406008434296, 30.534006687164307, 69.68624009227766, 172.28185361671484, 414.4764195575707, 1173.1227294197104], "round_times": [2.3375413126945523, 5.546751943945882, 11.406890267729771, 23.79807222795491, 56.146407460331645, 144.81245851445203, 359.7831327781651, 1063.654567028991], "qr_times": [0.7966240636035766, 1.8232493125349247, 3.5288375032991546, 8.197578144662069, 20.027312667988408, 58.043549660206104, 149.91380659902876, 597.6422812979451], "svd_times": [0.455346943810583, 1.2182590720951536, 2.898648287221788, 7.518313056349771, 19.87650499218691, 53.725299071744175, 143.17236240665707, 329.6904609779058], "add_times": [0.2604719998911024, 0.608186560302973, 1.214444192066792, 2.0959471680074877, 4.2067160322741195, 8.537281439438537, 16.963550592355055, 33.89669756573224], "basic_errors": [], "tt_errors": [1.3290796143856582, 1.9609728231540609, 1295673.0908674833, 0.3261889254724012, 0.15869619629219447, 0.08119390234918172, 0.03666312627069774, 0.00951112325863533], "basic_sizes": [], "tt_sizes": [1736, 9288, 57032, 237376, 766496, 1773080, 4713424, 9305624], "ranks": [[[3, 5, 9, 13, 16, 21, 22, 24], [1, 1, 1, 1, 1, 1, 1, 1], [2, 4, 8, 14, 19, 27, 23, 26], [2, 4, 8, 15, 22, 25, 26, 23], [3, 5, 9, 12, 12, 13, 12, 14], [3, 5, 9, 14, 16, 17, 19, 20]], [[2, 4, 8, 14, 19, 22, 25, 24], [1, 1, 1, 1, 1, 1, 1, 1], [3, 5, 9, 13, 16, 20, 20, 23], [3, 5, 9, 13, 15, 16, 18, 20], [3, 5, 9, 11, 11, 11, 12, 13], [2, 4, 8, 14, 22, 27, 31, 26]]]}