{"grids": [4, 8, 16, 32, 64, 128], "basic_times": [0.11130012762546539, 0.26483171212673196, 0.5318510723710057, 0.9103715839982031, 1.8183781745433765, 11.010417220830918], "tt_times": [3.1420706815719606, 7.782767058372504, 18.316441678047177, 46.23506046771993, 219.53920232200613, 1687.9088980264678], "round_times": [2.319997628211976, 5.850449440360073, 14.42610688054565, 39.47426775789267, 205.79996831119027, 1635.8951639233896], "qr_times": [0.7926344004049903, 2.0141584959626218, 4.146424224525674, 15.352699174061406, 113.58234876087448, 1202.6284317312134], "svd_times": [0.4355890875011681, 1.421571039766077, 5.510585249707084, 15.671333657041165, 73.38084800766433, 356.64529577379096], "add_times": [0.25886358392983594, 0.6050498236715793, 1.2140724483579386, 2.11865011174977, 4.251776383489407, 25.14630230634779], "basic_errors": [2.5911174205252436, 3.483481500024967, 2.588331661139703, 1.9802696828950286, 1.0182056056717927, 0.2963303374211127], "tt_errors": [2.591117420525218, 3.4834861342513053, 2.5883288947757426, 1.9802592171198845, 1.0181632337336557, 0.2984866137143555], "basic_sizes": [2016, 20160, 178560, 1499904, 12289536, 99486720], "tt_sizes": [2104, 18736, 172656, 1475824, 12192240, 99095536], "ranks": [[[4, 7, 15, 31, 63, 127], [2, 6, 14, 30, 62, 126], [2, 6, 14, 30, 62, 126], [3, 6, 14, 30, 62, 126], [3, 7, 15, 31, 63, 127], [3, 7, 15, 31, 63, 127]], [[3, 7, 14, 30, 62, 126], [2, 6, 14, 30, 62, 126], [2, 6, 14, 30, 62, 126], [3, 7, 14, 30, 62, 126], [2, 6, 14, 30, 62, 126], [2, 6, 14, 30, 62, 126]]]}