{"sims": ["basic", "0.0001-0", "0.0001-0.001", "0.0001-0.0001", "0.0001-1e-05", "0.0001-1e-06"], "grids": [16, 32, 64, 128, 256, 512], "times": [[0.09052313578128818, 3.6553095130920394, 2.9027156829833998, 3.064705663681031, 3.064852575302124, 3.064405853271484], [0.20621155208349234, 8.44109634971619, 6.43049647521972, 6.432827016830446, 6.431922977447509, 6.431212648391728], [0.41018268775940014, 41.89644131851198, 34.295402374267525, 40.177553661346444, 40.03555115127563, 40.035618320465055], [2.1901260150671016, 288.66927613830575, 227.9936006774903, 254.53715945434564, 254.56076600646998, 254.56679530334463], [32.55590207672125, 1254.472885604858, 874.1479102630617, 874.4824705505379, 873.2132174682631, 873.1033178100581], [520.5408834915153, 4712.387907562256, 2897.8809493102945, 2884.629027130128, 2884.6550106506397]], "round": [[[], 2.9541866588592525, 1.6583925762176506, 1.8199031687974956, 1.821256993889806, 1.8207527033090607], [[], 7.06580544042588, 3.5963674247264827, 3.597829793334007, 3.5966314533948958, 3.595235775470732], [[], 39.05446911668775, 20.635885315418268, 26.152346868038155, 26.071820643901745, 26.069956991672523], [[], 281.441965135575, 120.79490856933592, 133.30491194725033, 133.31638219737977, 133.31829148387922], [[], 1235.1793954277068, 374.98779471969715, 375.239162958144, 374.4699124460221, 374.41680101203957], [[], 4640.403612747191, 995.3827307701124, 981.7875286006837, 981.8100167598711]], "svd": [[[], 1.2144762851297863, 0.7005175042897474, 0.7808802238255732, 0.7808790082633494, 0.781547616690397], [[], 2.5957844156473944, 1.3505562242567561, 1.3496365764737115, 1.349917855247859, 1.349746336340904], [[], 17.20557734936474, 13.15088272207974, 17.51908034956456, 17.50793540063505, 17.506523162901384], [[], 81.00305229717469, 76.52488339465859, 84.82597148132298, 84.83841735279582, 84.83958835971347], [[], 329.8781702333682, 164.80135994529726, 164.89144858872882, 164.62368245458563, 164.6081703596101], [[], 769.0270837721912, 268.5562007052894, 254.4260956438786, 254.45068736112097]], "qr": [[[], 0.8866097281426197, 0.7784958717674013, 0.806351391479373, 0.8068668161034593, 0.8061897285580644], [[], 2.8369005113542194, 2.2710782402157874, 2.2714367357194405, 2.270902207344769, 2.2711592963188854], [[], 18.16267852708693, 15.130012001901912, 16.121624098688336, 16.107981663584674, 16.107185852915105], [[], 186.84622702002554, 135.02036010152113, 148.76353073739966, 148.7668401892177, 148.7694841592906], [[], 859.1255663465878, 657.8236343300971, 658.0883258804674, 657.9175463871925, 657.9625737237318], [[], 3694.105349119011, 2478.043707929323, 2478.8722203590696, 2478.8749406780576]], "add": [[[], 0.22966611181944574, 0.20704937617480756, 0.2068537279888989, 0.20701801601797393, 0.20735225597023957], [[], 0.42084473583847337, 0.4152461119070655, 0.41521721613407186, 0.4148219837173825, 0.41503161616623413], [[], 0.8594347200244696, 0.8451521600186832, 0.8573360960558033, 0.8380396159812836, 0.8394173440039153], [[], 3.0252458879724027, 2.077009888350961, 2.5760974093079376, 2.5792794252634113, 2.5768447049260175], [[], 7.923461601316939, 6.321094560459284, 6.318363105297075, 6.2783149755372865, 6.271449727453306], [[], 32.02995141942762, 21.24489855225384, 21.243291736021543, 21.24399982600642]], "norm": [[[], 0, 0.5253241922259326, 0.5271798079907891, 0.5267923843860626, 0.5267229114472864], [[], 0, 1.3938683530688294, 1.3941240332722655, 1.3940508791208273, 1.3942112005352962], [[], 0, 10.682993636488927, 11.008213027596458, 11.006588639616972, 11.00632870864868], [[], 0, 101.04379705595977, 113.15961117124566, 113.16299983668333, 113.16632114386589], [[], 0, 482.2439850664147, 482.3373208532354, 482.24565283489386, 482.26606597232694], [[], 0, 1854.8605475387496, 1855.2055284290361, 1855.2149332552037]], "errors": [[4.480859931682189e-14, 0.0004936932596302731, 0.0008224503038927429, 0.0010454090741404136, 0.0010454090741404136, 0.0010454090741404136], [5.060686241885307e-14, 8.688076453280908e-06, 8.68807644830813e-06, 8.68807644830813e-06, 8.68807644830813e-06, 8.68807644830813e-06], [1.945972569527975e-14, 0.0012814024841284826, 0.0005846538252295551, 0.0013641022137117905, 0.0013641022137117905, 0.0013641022137117905], [1.5095958874265737e-14, 0.0019903163989561604, 0.002365549053410497, 0.002028523543749396, 0.002028523543749396, 0.002028523543749396], [1.490252782548293e-14, 0.00016240661919797445, 0.0002461584276685495, 0.00023169135167619483, 0.00023169135167619483, 0.00023169135167619483], [1.5088044111420406e-14, 0.0001724587825282185, 0.00032033074027256603, 0.00030831385504126663, 0.00030831385504126663]], "sizes": [[215424, 206192, 169592, 171656, 171656, 171656], [1647360, 654208, 376200, 376200, 376200, 376200], [12879360, 11887544, 6278808, 7325816, 7325816, 7325816], [101846016, 94924864, 39751992, 45700112, 45700112, 45700112], [810031104, 202599552, 68341432, 68341432, 68341432, 68341432], [6461337600, 1197786216, 135186840, 135186840, 135186840]], "rank1": [[[], [15, 15, 15, 16, 15, 15], [15, 15, 15, 1, 15, 15], [15, 15, 15, 3, 15, 15], [15, 15, 15, 3, 15, 15], [15, 15, 15, 3, 15, 15]], [[], [16, 16, 16, 32, 16, 16], [16, 16, 16, 1, 16, 16], [16, 16, 16, 1, 16, 16], [16, 16, 16, 1, 16, 16], [16, 16, 16, 1, 16, 16]], [[], [63, 63, 63, 64, 63, 63], [49, 48, 48, 1, 48, 48], [52, 52, 53, 27, 53, 52], [52, 52, 53, 27, 53, 52], [52, 52, 53, 27, 53, 52]], [[], [125, 126, 126, 128, 125, 125], [86, 84, 84, 41, 84, 84], [89, 90, 90, 88, 87, 87], [89, 90, 90, 88, 87, 87], [89, 90, 90, 88, 87, 87]], [[], [80, 81, 82, 256, 80, 80], [81, 81, 81, 1, 81, 80], [81, 81, 81, 3, 80, 80], [81, 81, 81, 3, 80, 80], [81, 81, 81, 3, 80, 80]], [[], [80, 81, 81, 509, 80, 80], [81, 80, 80, 1, 80, 80], [81, 80, 80, 4, 80, 80], [81, 80, 80, 4, 80, 80]]], "rank2": [[[], [15, 15, 15, 16, 15, 15], [15, 15, 15, 1, 15, 15], [15, 15, 15, 4, 15, 15], [15, 15, 15, 4, 15, 15], [15, 15, 15, 4, 15, 15]], [[], [16, 16, 16, 32, 16, 16], [16, 16, 16, 1, 16, 16], [16, 16, 16, 1, 16, 16], [16, 16, 16, 1, 16, 16], [16, 16, 16, 1, 16, 16]], [[], [63, 63, 63, 64, 63, 63], [49, 49, 49, 1, 48, 48], [50, 50, 50, 25, 50, 49], [50, 50, 50, 25, 50, 49], [50, 50, 50, 25, 50, 49]], [[], [125, 126, 126, 128, 125, 125], [87, 86, 86, 41, 86, 86], [90, 90, 90, 55, 88, 88], [90, 90, 90, 55, 88, 88], [90, 90, 90, 55, 88, 88]], [[], [82, 81, 80, 256, 80, 80], [82, 81, 81, 1, 81, 80], [83, 81, 81, 3, 80, 80], [83, 81, 81, 3, 80, 80], [83, 81, 81, 3, 80, 80]], [[], [82, 81, 80, 508, 80, 80], [82, 80, 80, 1, 80, 80], [82, 80, 80, 4, 80, 80], [82, 80, 80, 4, 80, 80]]]}