{"sims": ["basic", "0.0001-0", "0.0001-0.0001", "basic", "1e-05-0", "1e-05-1e-05", "basic", "1e-06-0", "1e-06-1e-06", "basic", "1e-07-0", "1e-07-1e-07"], "grids": [16, 32, 64, 128, 256, 512], "times": [[0.029334464013576513, 0.9340993690490722, 0.6972440013885495, 0.025320832014083854, 0.7994800930023195, 0.7042959051132199, 0.025267487883567807, 0.9099138870239254, 0.892105697631836, 0.025290304243564602, 0.8784500465393065, 0.8926048278808596], [0.05082300806045529, 1.6002740802764894, 1.38194672203064, 0.050846208035945896, 2.096992967605591, 1.4212581729888913, 0.05103807979822159, 2.5489890861511233, 2.307321233749391, 0.06044675225019456, 2.6897126159667963, 2.593924697875976], [0.11993545579910271, 3.300392736434936, 2.8020350389480595, 0.10142886388301849, 4.307578546524049, 2.8808844852447506, 0.10133894443511969, 6.833381259918217, 6.347706138610839, 0.10094127988815305, 9.77890618515014, 9.329451103210454], [0.6579037128686905, 7.045098899841309, 5.666947674751279, 0.65845561671257, 8.975866683959959, 5.7883450889587476, 0.65814083147049, 18.599117584228505, 12.786096794128419, 0.6582782393693922, 42.45480076217653, 35.44862001800535], [9.762397482872005, 13.365069152832033, 11.401483677864084, 9.761921817779536, 18.96355710983273, 11.593485599517821, 9.76188944816589, 55.70306087493901, 23.37633634948733, 9.76179729747771, 235.29196363067643, 107.85681216049194], [156.22349986267093, 27.92446930885315, 22.670936477661083, 156.22142333221439, 39.695135828018174, 25.16132892036438, 156.22220204162582, 285.22165230178797, 49.64689946365359, 156.22147682189933, 1517.9487885131844, 304.95365385437026]], "round": [[[], 0.7098444801568978, 0.3568180475234985, [], 0.6012690871953965, 0.3672803844213486, [], 0.709234145641327, 0.5323639993667597, [], 0.6778215358257293, 0.5315401282310489], [[], 1.204010817050933, 0.7078546241521834, [], 1.6976199761629103, 0.7361992331743246, [], 2.120804031372073, 1.4998340475559229, [], 2.2460314195156097, 1.7442400594949716], [[], 2.505194207429884, 1.4305980790853512, [], 3.456628988742832, 1.5058993608951572, [], 5.952142495632178, 4.4371207339763625, [], 8.910638954162607, 6.573556514263153], [[], 5.347632990360264, 2.9141723530292474, [], 7.252546785593031, 3.0286429753303494, [], 16.909340506553633, 8.777510850429517, [], 40.699507145881704, 23.052587620973565], [[], 10.169378044843667, 5.879976289153101, [], 15.343706215858438, 6.069981984138464, [], 52.277170001506505, 15.933030851125723, [], 230.91674514293655, 58.90543016886713], [[], 21.307339107513535, 11.608838845968199, [], 32.90370532143124, 12.93214387464522, [], 275.60830246019475, 32.395969908833436, [], 1492.803907478331, 140.85556042552045]], "svd": [[[], 0.1897806396931407, 0.08746915192902081, [], 0.14548991975188266, 0.09243183986842628, [], 0.19693628789484474, 0.19313471962511544, [], 0.18193094420433034, 0.18193366400897495], [[], 0.28298630400001984, 0.17341779190301906, [], 0.7087618992179632, 0.18441948795318608, [], 0.8442524154633285, 0.7161207689195871, [], 0.9702006724476823, 0.9277377612143772], [[], 0.6040391357243057, 0.347286976188421, [], 1.266515518307685, 0.3986167046725753, [], 2.897953279703859, 2.6775765734910966, [], 4.48480156645179, 4.301407870501284], [[], 1.250475551411509, 0.699418783828617, [], 2.5737902406007005, 0.7786961593776913, [], 8.21115974076094, 5.177824578911069, [], 17.319920640453756, 15.140686305388845], [[], 2.4033332154005653, 1.3919232636094068, [], 5.723304702833318, 1.5263869432806965, [], 21.506229624673754, 8.899550754368315, [], 67.2286033763588, 34.7529859311878], [[], 4.750700159028183, 2.7292031357735334, [], 12.44643042771525, 3.1146250240504862, [], 68.74601765207917, 17.648204091161503, [], 246.69539341983227, 69.99546925024718]], "qr": [[[], 0.18593632012605654, 0.16301155206561105, [], 0.18480009599030028, 0.16189120031893256, [], 0.25214131292700753, 0.2142924799770117, [], 0.24167142370343206, 0.23695728029310684], [[], 0.392473887443542, 0.3205928641706703, [], 0.4667494085803621, 0.3304868800118562, [], 0.7571978594064704, 0.5696783042103047, [], 0.7474195201098918, 0.7055319361165177], [[], 0.850509536087512, 0.6557107524201281, [], 1.1047259834632313, 0.6768858559876659, [], 1.9869969269931307, 1.6717870398014834, [], 3.336270942315462, 2.9886394213438003], [[], 1.873428320616478, 1.327241695687173, [], 2.456900736480947, 1.3628182401359052, [], 6.591948061153289, 3.647994016185404, [], 20.90876919445396, 16.10144684983795], [[], 3.5958602541983016, 2.6763616950958746, [], 4.962110400080662, 2.72840572760998, [], 26.18391859535867, 6.71832713724665, [], 154.8259662963014, 63.62147989368425], [[], 8.059905759796456, 5.3521644166260725, [], 11.652427903294527, 5.955055391699141, [], 192.06657674014687, 16.74876579426219, [], 1185.8315368019692, 213.94393353080818]], "add": [[[], 0.08578332728147499, 0.06089379204064608, [], 0.06114355203509333, 0.06068688007444139, [], 0.06128793603926899, 0.0613903999626637, [], 0.06133267197757959, 0.06104067207127815], [[], 0.12208361613750457, 0.1209471039325, [], 0.12236879995465288, 0.12210707204788936, [], 0.13016105592250818, 0.13548048004508034, [], 0.13455657601356513, 0.12820313601195812], [[], 0.2453545600324866, 0.24378553599864264, [], 0.26143734395504, 0.24424220807105293, [], 0.2670067839771511, 0.26662688011676133, [], 0.26106703988462676, 0.2675173761025076], [[], 0.520372896142303, 0.48969023999571704, [], 0.5280318721383802, 0.4901778241172447, [], 0.5119601921439156, 0.5260460477396848, [], 0.5354565437361597, 0.5228574080243704], [[], 0.9838046400174494, 0.9821680320426818, [], 1.1073001600727443, 0.9823726082146137, [], 1.0311797116696793, 1.0366237123012567, [], 1.6254721282310838, 1.1201832641065141], [[], 2.032897728167473, 1.9703591041639503, [], 2.078588127404455, 2.1747749756500103, [], 3.2382549753002663, 2.045190912134955, [], 10.184654881175614, 2.5978723838701825]], "norm": [[[], 0, 0.12552876815199848, [], 0, 0.1233419840633869, [], 0, 0.14128019198775288, [], 0, 0.14242092821002006], [[], 0, 0.2464886717796324, [], 0, 0.2516975677907467, [], 0, 0.3249282882809637, [], 0, 0.40283215907216086], [[], 0, 0.5075986880958074, [], 0, 0.5125960954725745, [], 0, 0.9792095050811763, [], 0, 1.8157007647752774], [[], 0, 1.0163731192946461, [], 0, 1.026715295553207, [], 0, 2.171763263642786, [], 0, 10.550459173202524], [[], 0, 2.042947775661939, [], 0, 2.050915711611509, [], 0, 3.828009789377447, [], 0, 45.11173588681214], [[], 0, 4.0881416326761455, [], 0, 4.5122676471769605, [], 0, 10.110998431980539, [], 0, 156.42778839606066]],