{"grids": [4, 8, 16, 32, 64, 128, 256, 512], "basic_times": [], "tt_times": [2.939976572036743, 6.052253215789798, 12.410409438133247, 24.88331607532505, 49.75204529094702, 101.20176501083381, 203.0986430273059, 411.25612596034745], "round_times": [2.1374396154880535, 4.442967647194862, 9.174570366621055, 18.409999518156063, 36.754109661698386, 75.1105172327761, 150.79321419048395, 307.11104852497454], "qr_times": [0.6902339523583664, 1.4042555838003727, 2.979682464487843, 6.501155839376214, 12.664172225773273, 26.946480643369334, 52.98536707710359, 114.64290950101841], "svd_times": [0.38648246406018805, 0.8912430079355822, 1.904129152834421, 3.4808878408074357, 7.1921715843752265, 14.78128719840936, 29.99000227102657, 57.53989906624183], "add_times": [0.24975708797574064, 0.49985283178836176, 1.0041627201437953, 2.0054269764870365, 4.031733632370849, 8.077717825226465, 16.191394913396937, 32.241733571543016], "basic_errors": [], "tt_errors": [6.527228555302606, 2.9454694989117245, 1.886370807480154, 1.7934433104313652, 1.6191154486692727, 0.6916184559527175, 0.1780353491285033, 0.04453326769075355], "basic_sizes": [], "tt_sizes": [680, 2920, 9000, 18216, 36648, 73512, 147240, 294696], "ranks": [[[1, 1, 1, 1, 1, 1, 1, 1], [1, 1, 1, 1, 1, 1, 1, 1], [2, 6, 10, 10, 10, 10, 10, 10], [2, 6, 10, 10, 10, 10, 10, 10], [2, 6, 10, 10, 10, 10, 10, 10], [1, 1, 1, 1, 1, 1, 1, 1]], [[1, 1, 1, 1, 1, 1, 1, 1], [1, 1, 1, 1, 1, 1, 1, 1], [1, 1, 1, 1, 1, 1, 1, 1], [1, 1, 1, 1, 1, 1, 1, 1], [1, 1, 1, 1, 1, 1, 1, 1], [1, 1, 1, 1, 1, 1, 1, 1]]]}