{"sims": ["basic", "0.0001-0", "0.0001-0.001", "0.0001-0.0001", "0.0001-1e-05", "0.0001-1e-06"], "grids": [512], "times": [[1351.960836029054, 14250.767527221673, 1840.0295388183579, 1840.0313681030277, 1839.9294838256862, 1839.780482208257]], "round": [[[], 13979.652667823788, 586.5277321968072, 586.5234575176235, 586.4201136150378, 586.3437519607508]], "svd": [[[], 1374.7773015134217, 94.49055072057257, 94.51258263063332, 94.50820798742805, 94.49884003794101]], "qr": [[[], 11732.244217739175, 1638.8290816760862, 1638.8213419167, 1638.8327884695912, 1638.7286430867107]], "add": [[[], 135.27759857111604, 14.804406503073595, 14.806104422911908, 14.806361861705817, 14.80984519156822]], "norm": [[[], 0, 1223.933181825633, 1223.9414232826232, 1223.9521413745936, 1223.882775630946]], "errors": [[2.932751002194658e-13, 4.6399935797667276e-05, 4.639993579766699e-05, 4.639993579766699e-05, 4.639993579766699e-05, 4.639993579766699e-05]], "sizes": [[6442450944, 1167126528, 89202688, 89202688, 89202688, 89202688]], "rank1": [[[], [65, 65, 65, 512, 65, 65], [65, 65, 65, 1, 65, 65], [65, 65, 65, 1, 65, 65], [65, 65, 65, 1, 65, 65], [65, 65, 65, 1, 65, 65]]], "rank2": [[[], [65, 65, 65, 512, 65, 65], [65, 65, 65, 1, 65, 65], [65, 65, 65, 1, 65, 65], [65, 65, 65, 1, 65, 65], [65, 65, 65, 1, 65, 65]]]}