{"sims": ["basic", "0.0001-0", "0.0001-0.0001", "basic", "1e-05-0", "1e-05-1e-05", "basic", "1e-06-0", "1e-06-1e-06", "basic", "1e-07-0", "1e-07-1e-07"], "grids": [16, 32, 64, 128, 256, 512], "times": [[0.031193376034498232, 0.8360441274642947, 0.6509963836669922, 0.016845151901245116, 0.7485853414535523, 0.647499870300293, 0.01684332805871963, 1.0131115436553955, 0.8238650245666502, 0.01683100813627243, 0.856260862350464, 0.8392982158660889], [0.034023135960102084, 1.4961928339004513, 1.2935401525497436, 0.033573760092258445, 1.4970003833770749, 1.2952759017944333, 0.033706207901239404, 2.409383834838868, 1.9386854095458976, 0.03386828783154487, 2.4457909812927237, 2.531312931060789], [0.0676200959086418, 3.2101388015747063, 2.602416669845581, 0.06764009606838225, 3.2031942119598407, 2.5989983596801767, 0.06764988803863525, 8.106563858032228, 5.199189374923708, 0.06767254388332368, 9.311360656738279, 9.376811203002935], [0.8901577901840216, 6.787640876770021, 5.223712089538574, 0.8902709751129148, 7.496789411544792, 5.19246764755249, 0.8900606043338772, 17.027053928375263, 10.414181600570677, 0.8899506566524505, 31.93596455383301, 30.84919736480711], [13.404458282470708, 14.169626163482667, 10.38052230453492, 13.404525766372664, 14.990228530883792, 10.369592452049254, 13.404991546630846, 36.39096310806273, 20.70297268295289, 13.404578319549561, 80.6874151229858, 76.0451119766236], [212.69882879638664, 29.10965401840208, 20.601717036247294, 212.71933374023467, 29.07532014083862, 20.211675660133388, 212.71895249938993, 111.95838753509526, 50.52533556365963, 212.71890431213387, 235.4595989990236, 224.6222528686525]], "round": [[[], 0.6554935373067856, 0.35986467194557203, [], 0.5926634886264798, 0.3573406400680542, [], 0.8559686748981473, 0.5108784000873566, [], 0.6988211834430698, 0.5228720954656597], [[], 1.1839961615800865, 0.7069259202480318, [], 1.1851473946571351, 0.7074868807792665, [], 2.0656815993785864, 1.2803623681068423, [], 2.1085351641178125, 1.6057295038700097], [[], 2.5829885107278856, 1.41658012855053, [], 2.575079777717591, 1.4151767020225525, [], 7.435491706371302, 3.59610297405719, [], 8.6527361254692, 5.980594283580783], [[], 5.507832256913187, 2.852438400387762, [], 6.027879611968998, 2.8244613428115795, [], 15.695362858295436, 6.7754288945198065, [], 30.58591403865811, 17.465452277183527], [[], 11.472790073990808, 5.620623742341993, [], 12.057507999658576, 5.6190345253944365, [], 33.80966692900659, 12.9793141686916, [], 77.98584330368026, 36.49712995290759], [[], 24.077032923698376, 11.08628396546834, [], 24.05246576941014, 10.872733151793522, [], 106.95518093252174, 27.820030137181185, [], 230.23497821616996, 89.17378568601634]], "svd": [[[], 0.17320921546220752, 0.09201187203824512, [], 0.12765215978026395, 0.09198086404800404, [], 0.3569290588051081, 0.16956694425642505, [], 0.20709340837597853, 0.18718569615483288], [[], 0.2640900799781085, 0.17544838406145544, [], 0.2637916163057086, 0.17481011210381978, [], 0.7493773128837341, 0.5315747198015458, [], 0.679092192173004, 0.738935167953372], [[], 0.5603693442940715, 0.34891670373082145, [], 0.5504909112453457, 0.3482734397649765, [], 3.8161332218348982, 1.8993376959562334, [], 3.2019585278034204, 3.381501057088371], [[], 1.1000335362404623, 0.7062432323098196, [], 1.1993218570351591, 0.6850665920674803, [], 6.387008954480274, 3.174756575360878, [], 7.443655907630924, 8.492316156446956], [[], 2.1354323197603273, 1.3274857282191592, [], 2.2184750072807056, 1.3253723836839209, [], 11.280052286937792, 5.932878493607032, [], 15.405168604373968, 17.06995753723377], [[], 4.063953823655805, 2.5291986877024115, [], 4.046320448458188, 2.4730992632061315, [], 28.272406600505068, 12.325385051220575, [], 32.46106563490631, 33.25600198006621]], "qr": [[[], 0.18402985596656823, 0.15750931198894977, [], 0.19618486325442824, 0.15745913609862333, [], 0.2456613757312296, 0.22131705600023238, [], 0.24111820816993673, 0.23423593567311782], [[], 0.4143646080493933, 0.31901068815588934, [], 0.4148340798914429, 0.3200168316513303, [], 0.7886816330999155, 0.575173567861319, [], 0.9102053120136288, 0.8829430724978438], [[], 1.0115065283924294, 0.6429523206055158, [], 1.0113997125327558, 0.6442656322121618, [], 2.583793565705413, 1.5971072630435181, [], 4.374697919368756, 4.228308254659185], [[], 2.3493069439232275, 1.298383008062843, [], 2.484146111398923, 1.2981492159813655, [], 7.2363160640597535, 3.4931132458299308, [], 20.834003136098463, 18.61821060448885], [[], 5.036157792329783, 2.6417154242545133, [], 5.221110720813257, 2.6385877754986127, [], 18.340595845252324, 7.326956357479084, [], 57.44830732816452, 50.929311727344604], [[], 11.999560003146549, 5.452146271273447, [], 12.0076076502502, 5.371694559857298, [], 69.88935963369967, 24.66164733928453, [], 186.4494992916267, 174.74518021744484]], "add": [[[], 0.08523363248258845, 0.061286272041499626, [], 0.06171312007308005, 0.06099808000028128, [], 0.06175782406330105, 0.06153164808452136, [], 0.061938240028917776, 0.0616639999598265], [[], 0.12332428820431246, 0.12198787200450897, [], 0.12322832003235813, 0.12274275199323895, [], 0.13422287995368218, 0.12404096000641564, [], 0.13197270395606747, 0.13651072014123214], [[], 0.24647321613132933, 0.24640035200118984, [], 0.24706070399284358, 0.2454095040634272, [], 0.26155235223472134, 0.2523127359747882, [], 0.25583382416516454, 0.25298867195844604], [[], 0.5014598080292346, 0.4922323839217437, [], 0.5747703041210778, 0.4910763840228333, [], 0.5175395197272292, 0.5521087681204074, [], 0.522492032118142, 0.51725353588909], [[], 1.0550800641104578, 0.9809791038557895, [], 1.14796675223858, 0.9801601923108094, [], 1.0042080321013929, 1.1063432323038533, [], 1.0621085759624809, 1.0463839038535954], [[], 1.9744421437010253, 1.9648111997768318, [], 1.969741280257711, 1.9267760321423495, [], 1.963925248377027, 2.019131455831243, [], 2.373799136571604, 2.301816768184312]], "norm": [[[], 0, 0.1207045121192932, [], 0, 0.12048771214485161, [], 0, 0.13909027257561674, [], 0, 0.14769619148969657], [[], 0, 0.24590815988183007, [], 0, 0.24662547188997264, [], 0, 0.31608166447281816, [], 0, 0.5500181757211688], [[], 0, 0.49831545639038033, [], 0, 0.49781644821167065, [], 0, 0.90456940704584, [], 0, 2.690571838736536], [[], 0, 0.9937154880464077, [], 0, 0.9932572159767151, [], 0, 2.102285087108605, [], 0, 11.936697633266407], [[], 0, 2.0084229430854266, [], 0, 2.0055976953804446, [], 0, 4.660730820417398, [], 0, 36.624886264801006], [[], 0, 4.030260448366403, [], 0, 3.9534351361096047, [], 0, 17.13785651338091, [], 0, 129.7992807826998]],