{"sims": ["basic", "0.0001-0", "0.0001-0.0001", "0.0001-0.001", "0.001-0.001"], "grids": [4, 8, 16, 32, 64, 128, 256], "times": [[0.1264819869399071, 0.8167182416915892, 0.40796006679534924, 0.40555123043060304, 0.4076193933486938], [0.06558697605133061, 1.177331583976745, 0.8166835184097291, 0.8167640342712406, 0.8182678375244141], [0.13074099189043048, 2.444536885261535, 1.6819566431045532, 1.690158143043519, 1.6872365818023682], [0.2618722560405731, 6.886411573410035, 6.888739748001099, 6.9116797838211, 6.955795318603516], [0.5287368959784509, 21.54827251434324, 21.33333348274231, 20.232989963531487, 22.834907722473133], [5.898737340927123, 87.28919836807269, 91.11482771301287, 89.51318413162247, 84.22277748489383], [86.80885396957379, 524.3853948211665, 510.36223216247595, 505.66116981506514, 521.7339502868657]], "round": [[[], 0.6632719413042069, 0.16993763220310212, 0.16774012815952305, 0.16795920026302333], [[], 0.9130576628446577, 0.3381774071455002, 0.3389201272726062, 0.3384111682176588], [[], 1.9120938863754262, 0.712373151898383, 0.7197717754840849, 0.7188137599229815], [[], 5.818589056372635, 4.377677602410313, 4.370294653892526, 4.397904259681698], [[], 19.39561409127708, 16.32610265839098, 15.199076984405465, 17.72411563837535], [[], 82.91589271998384, 75.85891860151283, 74.39970196986201, 68.79896718740478], [[], 515.7015589363576, 466.572726152182, 461.87174457478477, 478.0164274346807]], "svd": [[[], 0.08707123203575619, 0.04204092803597454, 0.040046560078859324, 0.04008054400980472], [[], 0.1930193920731543, 0.08390403193235406, 0.0845683840066194, 0.08391286380589003], [[], 0.4385971202999346, 0.19837676781415936, 0.2032871039360759, 0.20415334385633466], [[], 2.1412530560642486, 2.1114243192523676, 2.103498270399872, 2.121976189926267], [[], 11.308907771840717, 10.974922043189437, 9.917502981580792, 12.344719814583618], [[], 55.82090442210447, 59.51760543433545, 58.12808520343116, 52.473825476273895], [[], 441.64542542687786, 428.20461675269274, 423.5810008773772, 439.7164368831519]], "qr": [[[], 0.30992070800065985, 0.10847507213056093, 0.10832553613185883, 0.10967072008550167], [[], 0.31076051175594266, 0.21585164780914767, 0.21590015974640842, 0.2159290238171819], [[], 0.6621288959383961, 0.4604473599046456, 0.4634582722932096, 0.46078316819667964], [[], 2.0990271682143153, 2.0560409587174586, 2.0897460802346512, 2.110558976024388], [[], 4.904389919608852, 4.883831839412437, 4.860864767521606, 5.017273823171862], [[], 20.59588115115471, 20.437237022847114, 20.269289177611608, 20.56372374942904], [[], 60.350161619961405, 58.98525311496813, 58.96757584054842, 58.8949802232533]], "add": [[[], 0.07247356772422796, 0.05156492796540258, 0.05163872005790474, 0.05174467204511164], [[], 0.1049936639666557, 0.10359308812022205, 0.10343846409767861, 0.10385161610692725], [[], 0.21130095998197818, 0.20769267195463195, 0.20767251197993697, 0.20771244796365507], [[], 0.4220930559486149, 0.4221570238172999, 0.42315836807340423, 0.42310678380727806], [[], 0.8491267203390613, 0.8463975678160791, 0.8453880639597764, 0.8451180794984093], [[], 1.7212038076668963, 1.7100244800895468, 1.7014869763329614, 1.7104726718440717], [[], 3.421185951560724, 3.4164422396421408, 3.4168179197758692, 3.4104089599401073]], "norm": [[[], 0, 0.09900499194860454, 0.0988265280425548, 0.10035014399886127], [[], 0, 0.19981321597099294, 0.1995706561803817, 0.19982614389061923], [[], 0, 0.41104966366291085, 0.4117966080009938, 0.409984479784966], [[], 0, 1.365907553434372, 1.395311456590894, 1.411413791298865], [[], 0, 2.707684384495023, 2.7304173113405747, 2.810589311033492], [[], 0, 10.562769053637943, 10.44061161398885, 10.72120556926726], [[], 0, 34.2485446152688, 34.25453097099067, 34.19229986232508]], "errors": [[1.5471102457270982e-12, 45783.06968463977, 1.9480420953022097e-12, 1.9480420953022097e-12, 1.9480420953022097e-12], [4.755948983065453e-12, 1.0532448650034493e+23, 5.201860101962036e-06, 5.201860101962036e-06, 5.201860101962036e-06], [1.3679016822505085e-11, 1.2114871179056876e+62, 0.0005077568576512951, 0.0005077568576512951, 0.004508354117381855], [4.528617633838396e-11, 0.0017696458453893848, 0.0022365943450686704, 0.028712322562123135, 0.1391824657201364], [8.805988740486271e-11, 0.001997330988654418, 0.012687480087084124, 2.9427234858860227e+18, 0.07435973940502408], [3.72395194563849e-10, 0.002402596820894812, 0.008728852759245231, 0.005369068821886913, 0.25334454886280894], [6.999254208610293e-13, 0.09615871028774903, 0.027233280026752658, 0.00246168191734649, 0.2230985428723883]], "sizes": [[3072, 2176, 832, 832, 832], [24576, 11520, 3072, 3072, 3072], [196608, 69888, 11520, 11520, 11008], [1572864, 100352, 56320, 59392, 60416], [12582912, 250880, 179200, 282624, 193536], [100663296, 759808, 751616, 757760, 763904], [805306368, 2052096, 2011136, 2027520, 2002944]], "rank1": [[[], [4, 3, 2, 2, 2, 4], [1, 1, 2, 2, 2, 2], [1, 1, 2, 2, 2, 2], [1, 1, 2, 2, 2, 2]], [[], [8, 7, 4, 4, 4, 8], [1, 1, 4, 4, 4, 7], [1, 1, 4, 4, 4, 7], [1, 1, 4, 4, 4, 7]], [[], [16, 15, 8, 8, 8, 16], [1, 1, 9, 8, 8, 16], [1, 1, 9, 8, 8, 16], [1, 1, 9, 8, 8, 14]], [[], [32, 32, 20, 20, 20, 15], [18, 18, 18, 18, 18, 18], [20, 20, 18, 18, 18, 20], [19, 19, 20, 19, 19, 19]], [[], [43, 43, 38, 38, 39, 16], [22, 22, 36, 35, 35, 23], [24, 24, 35, 37, 38, 24], [23, 23, 40, 40, 40, 23]], [[], [49, 49, 76, 75, 75, 47], [54, 54, 71, 67, 67, 54], [56, 56, 71, 67, 67, 54], [50, 51, 74, 73, 73, 51]], [[], [82, 82, 87, 84, 85, 80], [83, 82, 85, 80, 80, 81], [85, 85, 84, 80, 80, 80], [82, 82, 83, 80, 80, 81]]], "rank2": [[[], [3, 3, 2, 2, 2, 3], [1, 1, 1, 1, 1, 1], [1, 1, 1, 1, 1, 1], [1, 1, 1, 1, 1, 1]], [[], [5, 5, 3, 2, 2, 5], [1, 1, 1, 1, 1, 1], [1, 1, 1, 1, 1, 1], [1, 1, 1, 1, 1, 1]], [[], [9, 9, 4, 3, 3, 9], [1, 1, 1, 1, 1, 1], [1, 1, 1, 1, 1, 1], [1, 1, 1, 1, 1, 1]], [[], [3, 3, 1, 1, 1, 1], [1, 1, 1, 1, 1, 1], [1, 1, 1, 1, 1, 1], [1, 1, 1, 1, 1, 1]], [[], [2, 2, 1, 1, 1, 1], [1, 1, 1, 1, 1, 1], [2, 2, 2, 2, 2, 2], [1, 1, 1, 1, 1, 1]], [[], [1, 1, 1, 1, 1, 1], [1, 1, 1, 1, 1, 1], [1, 1, 1, 1, 1, 1], [1, 1, 1, 1, 1, 1]], [[], [1, 1, 1, 1, 1, 1], [1, 1, 1, 1, 1, 1], [1, 1, 1, 1, 1, 1], [1, 1, 1, 1, 1, 1]]]}