{"sims": ["basic", "0.0001-0", "0.0001-0.0001"], "grids": [512], "times": [[1372.5141270751933, 455.725559951781, 431.7553977088926]], "round": [[[], 438.9619530506125, 329.7908788988607]], "svd": [[[], 266.6571808650987, 245.88284839234066]], "qr": [[[], 146.67009072087444, 141.80104879912736]], "add": [[[], 6.5565311046689505, 6.6003658567965005]], "norm": [[[], 0, 83.81778915834391]], "errors": [[2.877008868382888e-13, 0.1346363330562483, 0.12454156331380771]], "sizes": [[6442450944, 4169728, 4063232]], "rank1": [[[], [1, 1, 1, 1, 1, 1], [1, 1, 1, 1, 1, 1]]], "rank2": [[[], [89, 83, 83, 82, 86, 87], [85, 85, 84, 83, 80, 80]]]}