{"sims": ["0.001-0.001"], "grids": [4, 8, 16, 32, 64, 128, 256, 512], "times": [[0.715392418861389], [1.0294687662124637], [2.304937311172486], [5.340645193099974], [20.389441574096676], [107.00955683135986], [421.3303333129888], [1492.8967175292948]], "round": [[0.2994363838434218], [0.5392918395996095], [1.2625437123775498], [3.0759255663156497], [11.165324574232127], [49.43753112792967], [153.84410726738068], [480.7039193735099]], "svd": [[0.05736876790225506], [0.12790966400504125], [0.37377744011580977], [1.0501117446720625], [5.111027327895166], [18.1995635231733], [37.95004841059435], [75.68686252611867]], "qr": [[0.26810218197107283], [0.2566471042335036], [0.6982207356095325], [1.9346741123944518], [10.373368766337686], [77.88596551001007], [355.9119738416684], [1341.384824464018]], "add": [[0.07117779182642693], [0.10322764798253774], [0.2075806400552391], [0.41346249602734975], [0.8302508161589499], [1.726172096148145], [4.364287936985497], [13.65224719425301]], "norm": [[0.2424517059028148], [0.20248489636182776], [0.46446956843137766], [1.14591561573744], [6.9554841029644034], [52.94000212812443], [257.77201352501], [986.046664890292]], "errors": [[4.8781572674830084e-15], [4.173106346851253e-12], [1.5742226408248456e-11], [2.5727611841174882e-05], [3.290045821290693e-05], [0.0005154205190475802], [0.0010830625039370723], [0.0010823520664812437]], "sizes": [[576], [2752], [51584], [287488], [2151936], [13315072], [35631104], [71262208]], "rank1": [[[1, 1, 1, 1, 1, 1]], [[2, 2, 2, 1, 2, 2]], [[8, 8, 8, 1, 8, 8]], [[14, 14, 14, 1, 14, 14]], [[28, 28, 28, 1, 28, 28]], [[50, 50, 50, 1, 50, 50]], [[59, 59, 59, 1, 59, 59]], [[59, 59, 59, 1, 59, 59]]], "rank2": [[[1, 1, 1, 1, 1, 1]], [[2, 2, 2, 1, 2, 2]], [[8, 8, 8, 1, 8, 8]], [[14, 14, 14, 1, 14, 14]], [[28, 28, 28, 1, 28, 28]], [[50, 50, 50, 1, 50, 50]], [[57, 57, 57, 1, 57, 57]], [[57, 57, 57, 1, 57, 57]]]}