{"sims": ["0.0001-0.001", "0.001-0.001"], "grids": [512], "times": [[853.1973201484673, 899.0348451423645]], "round": [[752.5741214463743, 798.916371316909]], "svd": [[658.1665081879462, 704.7190058198297]], "qr": [[147.93576186269385, 147.46704167126077]], "add": [[6.623701281219738, 6.575880384728269]], "norm": [[81.74993205708314, 81.41873382908108]], "errors": [[0.028209674982097206, 0.568953705652612]], "sizes": [[4120576, 3997696]], "rank1": [[[87, 87, 84, 80, 80, 84], [82, 81, 82, 80, 80, 81]]], "rank2": [[[1, 1, 1, 1, 1, 1], [1, 1, 1, 1, 1, 1]]]}