{"sims": ["basic", "0.0001-0", "0.0001-0.0001", "0.0001-0.001"], "grids": [4, 8, 16, 32, 64, 128, 256], "times": [[0.033938304692506784, 0.5851646738052367, 0.5040376958847046, 0.5033265600204466], [0.02830774414539338, 1.143589054107666, 1.0304898862838747, 1.03134003162384], [0.05630246374011039, 2.5822462062835694, 2.296710080146791, 2.2927624053955076], [0.11286259159445759, 7.049025890350339, 5.798429241180415, 5.384027391433712], [0.2278901764154437, 29.283399024963366, 20.443524480819708, 20.438744728088388], [3.0652591331005072, 196.5322227554322, 112.87097840118416, 112.86016031646737], [45.488244489669846, 1514.7999494934104, 531.9792137451178, 532.064833740235]], "round": [[[], 0.4477984632253647, 0.2615604798793793, 0.2611154239177702], [[], 0.879912704110146, 0.543320832133293, 0.544182368040085], [[], 2.0477055045366277, 1.2538551363945003, 1.2517391066551213], [[], 5.949997248411197, 3.29093382620811, 3.093787776350969], [[], 27.103995386600484, 11.194136034727114, 11.191260194778435], [[], 191.88593222236568, 51.69317061233511, 51.68857587289818], [[], 1487.363073516843, 196.96327984046923, 196.97259853363067]], "svd": [[[], 0.06809020806849003, 0.0548825598657131, 0.054830815970897714], [[], 0.17160624022781876, 0.1288293439894915, 0.12965718415379515], [[], 0.5020543683022252, 0.359211263939738, 0.35930489580333225], [[], 1.9464949430376304, 1.0924332482069734, 1.047637375548482], [[], 11.293431517153998, 5.091191612750297, 5.090835421949635], [[], 57.96921278631691, 18.191040929377156, 18.189046910583876], [[], 297.2203886007082, 47.222941443085574, 47.217885178446885]], "qr": [[[], 0.1602061436623333, 0.1296560319811106, 0.12947731192409986], [[], 0.2940858237594368, 0.26049916836619375, 0.2599408316612246], [[], 0.7741766074150791, 0.6762515837848185, 0.674995103672148], [[], 2.490841665163637, 2.0289522559940734, 1.9401641620844559], [[], 12.571618559479786, 10.364931810170386, 10.366209598690332], [[], 125.48682395768162, 83.57085581851062, 83.56961543691133], [[], 1131.1251448794583, 450.0564957971566, 450.1692193183904]], "add": [[[], 0.05737875187397008, 0.05195529599487779, 0.051852575935423376], [[], 0.10435260809212922, 0.1039065600410103, 0.10396015994995851], [[], 0.21058303994685443, 0.20955856007337598, 0.2096234240680934], [[], 0.43027862348407514, 0.4788656001016496, 0.42186448004841925], [[], 0.8510795833840953, 0.8462756801098564, 0.8454275840073875], [[], 2.1109553930833886, 1.7755837763771343, 1.7756941763982035], [[], 15.044803488262025, 5.058649185277555, 5.0590030420497545]], "norm": [[[], 0, 0.09834563171863563, 0.09832854390144344], [[], 0, 0.19906745585799226, 0.19806988799571992], [[], 0, 0.4584520642161368, 0.4571068487763404], [[], 0, 1.2168584318161013, 1.1503004798293128], [[], 0, 6.9383792030811335, 6.939721404194823], [[], 0, 56.473449552536216, 56.471540003299715], [[], 0, 324.5539697809233, 324.63974218082546]], "errors": [[0.0, 8.871469089319306e-15, 4.8781572674830084e-15, 4.8781572674830084e-15], [9.733662095389195e-13, 4.913680182431335e-12, 4.173106346851253e-12, 4.173106346851253e-12], [4.6168673972548796e-12, 1.8209428685580992e-11, 1.5742226408248456e-11, 1.5742226408248456e-11], [9.780421158154896e-12, 2.572761184118745e-05, 2.5727611841174882e-05, 2.5727611841174882e-05], [3.652935876380629e-11, 3.290045821287851e-05, 3.290045821290693e-05, 3.290045821290693e-05], [2.7901849514696754e-11, 7.102703456091441e-08, 7.102704352653874e-08, 7.102704352653874e-08], [3.9697319964305405e-13, 6.492673717201157e-05, 6.492673717201193e-05, 6.492673717201193e-05]], "sizes": [[3072, 576, 576, 576], [24576, 4800, 2752, 2752], [196608, 88064, 51584, 51584], [1572864, 565248, 287488, 287488], [12582912, 4023808, 2151936, 2151936], [100663296, 31416320, 14380032, 14380032], [805306368, 179861504, 44601344, 44601344]], "rank1": [[[], [1, 1, 1, 1, 1, 1], [1, 1, 1, 1, 1, 1], [1, 1, 1, 1, 1, 1]], [[], [2, 2, 2, 5, 2, 2], [2, 2, 2, 1, 2, 2], [2, 2, 2, 1, 2, 2]], [[], [8, 8, 8, 16, 8, 8], [8, 8, 8, 1, 8, 8], [8, 8, 8, 1, 8, 8]], [[], [14, 14, 14, 32, 14, 14], [14, 14, 14, 1, 14, 14], [14, 14, 14, 1, 14, 14]], [[], [28, 28, 28, 60, 28, 28], [28, 28, 28, 1, 28, 28], [28, 28, 28, 1, 28, 28]], [[], [52, 52, 52, 128, 52, 52], [52, 52, 52, 1, 52, 52], [52, 52, 52, 1, 52, 52]], [[], [65, 65, 65, 256, 65, 65], [65, 65, 65, 1, 65, 65], [65, 65, 65, 1, 65, 65]]], "rank2": [[[], [1, 1, 1, 1, 1, 1], [1, 1, 1, 1, 1, 1], [1, 1, 1, 1, 1, 1]], [[], [2, 2, 2, 5, 2, 2], [2, 2, 2, 1, 2, 2], [2, 2, 2, 1, 2, 2]], [[], [8, 8, 8, 16, 8, 8], [8, 8, 8, 1, 8, 8], [8, 8, 8, 1, 8, 8]], [[], [14, 14, 14, 32, 14, 14], [14, 14, 14, 1, 14, 14], [14, 14, 14, 1, 14, 14]], [[], [28, 28, 28, 59, 28, 28], [28, 28, 28, 1, 28, 28], [28, 28, 28, 1, 28, 28]], [[], [52, 52, 52, 128, 52, 52], [52, 52, 52, 1, 52, 52], [52, 52, 52, 1, 52, 52]], [[], [65, 65, 65, 256, 65, 65], [65, 65, 65, 1, 65, 65], [65, 65, 65, 1, 65, 65]]]}