{"sims": ["basic", "0.0001-0", "0.0001-0.0001", "0.0001-0.001", "0.001-0.001"], "grids": [4, 8, 16, 32, 64, 128, 256], "times": [[0.4973064743280409, 1.7212592582702644, 0.5984031057357787, 0.6000267505645754, 0.6529430112838744], [0.06660262405872341, 1.2284718408584596, 1.2484834861755374, 1.2474345016479484, 1.2461283206939693], [0.13229881578683841, 2.428544731140138, 1.7185663671493527, 1.7174108171463014, 1.7194599657058718], [0.26451801574230205, 5.166638299942013, 5.240115892410282, 5.224916021347048, 5.2593445816040045], [0.5360244802236558, 15.564809524536127, 15.541023418426516, 15.554926759719844, 15.626998235702496], [5.901148761272434, 63.94473324966432, 63.832760988235584, 63.383116128921515, 64.86137224388125], [86.77007397842425, 248.27698405075122, 238.56738962173458, 237.43199322128282, 245.04163914108253]], "round": [[[], 1.5151653009653094, 0.3429060801267624, 0.34460441625118243, 0.3708471363782885], [[], 0.9602962238788603, 0.7315069440603261, 0.7311413762569435, 0.7296847355365752], [[], 1.8922369291782406, 0.7357932791709906, 0.7359518717527395, 0.7370659832954408], [[], 4.089002178668969, 3.1492612142562826, 3.1355243504047436, 3.1711099829673746], [[], 13.405512160062747, 10.823579752206818, 10.839672987222663, 10.882826081275939], [[], 59.40342231702792, 48.2084974405764, 47.855615178823356, 48.96827570867531], [[], 236.9864577598565, 196.17264738726644, 195.0279218609344, 202.42833698105778]], "svd": [[[], 0.09364182402193552, 0.09362768007814887, 0.09359360003471372, 0.09794835206866265], [[], 0.23253283217549336, 0.23157359954714823, 0.23176745581626906, 0.2297801598608494], [[], 0.41541324789822054, 0.2248757761269804, 0.22617987196147415, 0.22643491186201584], [[], 0.9816585918813927, 0.9731696641892214, 0.963995199888947, 0.9961771524995572], [[], 5.728019006147975, 5.59558540964129, 5.625376928180458, 5.657980861946931], [[], 32.79639139509188, 32.65316512207689, 32.43578243382273, 33.08676227957023], [[], 165.9487944112569, 156.51622104835482, 155.38630147845979, 162.64520594430152]], "qr": [[[], 0.8964955533146843, 0.1517178240865471, 0.15175734396278864, 0.16714783982932555], [[], 0.3138927681744095, 0.3058796800225966, 0.3051556161642068, 0.3053805117309097], [[], 0.6442277435809384, 0.4409772163927553, 0.439625984027982, 0.4396303040087228], [[], 1.5016759043186938, 1.465435232326385, 1.4615156485885428, 1.4631436801105693], [[], 4.651077983066432, 4.588966527357729, 4.584077055163676, 4.616700096614691], [[], 20.301089115232458, 20.173246050790016, 20.133549572915197, 20.27509596782945], [[], 55.54896021474961, 54.64085109913343, 54.65273321393155, 55.015194938138514]], "add": [[[], 0.12471113602817047, 0.053050815969705574, 0.05305667198449373, 0.058800479903817246], [[], 0.1070982080101967, 0.10708633603155615, 0.10669219195097669, 0.10744793608784696], [[], 0.21433615995198493, 0.21026214408129434, 0.21029235212504835, 0.21074969593435494], [[], 0.42932729611545783, 0.42773705608397655, 0.42793571200966746, 0.4278866558596494], [[], 0.8572487997189158, 0.8570961277112396, 0.8570457281246741, 0.8560968959629548], [[], 1.7980520003884957, 1.7579544642418619, 1.717433344103393, 1.844660352438681], [[], 4.444091359227888, 4.414037825390626, 4.413653472050984, 4.415479936793401]], "norm": [[[], 0, 0.10823331198096285, 0.10802304002642636, 0.11909808021783834], [[], 0, 0.21968137589097034, 0.21860054397582995, 0.21913484790921214], [[], 0, 0.4194369606971742, 0.41810467174649274, 0.41790947189927136], [[], 0, 0.8968350720703592, 0.8949315517246734, 0.8948251516819019], [[], 0, 2.401564512372008, 2.4016323834657594, 2.430474369317295], [[], 0, 10.863085725426618, 10.874212991952882, 10.893840636849362], [[], 0, 30.483267908692465, 30.495198334097932, 30.69812159717092]], "errors": [[0.9512437400453266, 0.9512437400453407, 0.9512437437568259, 0.9512437437568259, 0.9512310138097554], [1.156327701214528, 617.704102914428, 55.64751683642483, 55.64751683642483, 1.3734290038126198], [1.3740499689731903e-11, 1.0385609957585192e+64, 0.00028998248287337214, 0.00028998248287337214, 0.004717901481892129], [6.378409636265029e-11, 0.001122264994650336, 0.0011742220854411916, 0.018000510483793794, 0.012178522150170365], [1.250113349193747e-10, 0.002989121034492725, 0.0013669484773148127, 0.001976291916404059, 0.014710247535466264], [4.1039106434110184e-10, 0.021828848491653445, 0.0025442890150693593, 0.02208054844990534, 0.024169416725611934], [5.037911132879967e-13, 0.04094144728295802, 0.0011525492652673561, 0.0017485610608767535, 0.3464123358888974]], "sizes": [[3072, 1664, 1664, 1664, 1536], [24576, 13184, 9792, 9792, 9408], [196608, 64384, 15360, 15360, 15360], [1572864, 63232, 50176, 53248, 53760], [12582912, 160768, 155648, 155648, 165888], [100663296, 737280, 729088, 806912, 743424], [805306368, 2134016, 1998848, 2011136, 2011136]], "rank1": [[[], [1, 1, 1, 1, 1, 1], [1, 1, 1, 1, 1, 1], [1, 1, 1, 1, 1, 1], [1, 1, 1, 1, 1, 1]], [[], [3, 3, 3, 3, 3, 3], [2, 2, 2, 2, 2, 2], [2, 2, 2, 2, 2, 2], [2, 2, 2, 2, 2, 2]], [[], [6, 3, 3, 4, 9, 9], [1, 1, 1, 1, 1, 1], [1, 1, 1, 1, 1, 1], [1, 1, 1, 1, 1, 1]], [[], [2, 1, 1, 1, 1, 1], [1, 1, 1, 1, 1, 1], [1, 1, 1, 1, 1, 1], [1, 1, 1, 1, 1, 1]], [[], [1, 1, 1, 1, 1, 1], [1, 1, 1, 1, 1, 1], [1, 1, 1, 1, 1, 1], [1, 1, 1, 1, 1, 1]], [[], [1, 1, 1, 1, 1, 1], [1, 1, 1, 1, 1, 1], [1, 1, 1, 1, 1, 1], [1, 1, 1, 1, 1, 1]], [[], [1, 1, 1, 1, 1, 1], [1, 1, 1, 1, 1, 1], [1, 1, 1, 1, 1, 1], [1, 1, 1, 1, 1, 1]]], "rank2": [[[], [3, 4, 4, 4, 4, 4], [3, 4, 4, 4, 4, 4], [3, 4, 4, 4, 4, 4], [3, 4, 4, 4, 4, 4]], [[], [7, 8, 8, 8, 8, 8], [7, 8, 8, 8, 8, 8], [7, 8, 8, 8, 8, 8], [7, 8, 8, 8, 8, 8]], [[], [16, 8, 8, 8, 16, 16], [1, 9, 9, 8, 16, 16], [1, 9, 9, 8, 16, 16], [1, 9, 9, 8, 16, 16]], [[], [28, 17, 17, 16, 16, 16], [16, 17, 17, 16, 15, 15], [18, 17, 17, 16, 17, 17], [16, 19, 19, 19, 15, 15]], [[], [26, 34, 35, 34, 17, 17], [18, 34, 34, 32, 16, 16], [18, 34, 34, 32, 16, 16], [18, 37, 37, 37, 16, 16]], [[], [50, 71, 71, 69, 49, 49], [50, 71, 71, 70, 47, 47], [65, 70, 70, 69, 63, 63], [48, 73, 73, 73, 47, 47]], [[], [92, 82, 82, 80, 92, 92], [86, 82, 83, 80, 80, 80], [87, 82, 82, 80, 80, 80], [83, 83, 83, 82, 80, 80]]]}