{"sims": ["basic", "0.0001-0", "0.0001-0.0001"], "grids": [512], "times": [[1372.6939735717715, 880.4462120475796, 850.220508335113]], "round": [[[], 863.6165455076672, 751.6970525586537]], "svd": [[[], 685.7530804967646, 658.9744153595025]], "qr": [[[], 150.14014155655948, 145.29424934143952]], "add": [[[], 6.641826241418636, 6.538092960484424]], "norm": [[[], 0, 80.02088668638497]], "errors": [[4.2396511635468696e-13, 0.06571061143488842, 0.06359128045220903]], "sizes": [[6442450944, 4104192, 4014080]], "rank1": [[[], [83, 82, 87, 85, 85, 80], [82, 82, 84, 80, 80, 81]]], "rank2": [[[], [1, 1, 1, 1, 1, 1], [1, 1, 1, 1, 1, 1]]]}