{"sims": ["basic", "0.0001-0.0001", "0.0001-0.001"], "grids": [512], "times": [[721.3266101379387, 1900.017041412356, 1899.1150584411616]], "round": [[[], 593.1579591636646, 592.4225243911761]], "svd": [[[], 94.16036105203656, 93.92684681498999]], "qr": [[[], 1697.8147974237897, 1697.665382265766]], "add": [[[], 17.324796618305136, 17.306463266909315]], "norm": [[[], 1274.6680683097816, 1274.6125720729842]], "errors": [[4.3269938613830053e-13, 6.56194184970237e-05, 6.56194184970237e-05]], "sizes": [[6442450944, 89202688, 89202688]], "rank1": [[[], [65, 65, 65, 1, 65, 65], [65, 65, 65, 1, 65, 65]]], "rank2": [[[], [65, 65, 65, 1, 65, 65], [65, 65, 65, 1, 65, 65]]]}