{"grids": [4, 8, 16, 32, 64, 128, 256, 512], "basic_times": [0.07615897583961485, 0.1544750718474388, 0.3088959042131899, 0.6221734076738353, 1.2415210871100395, 15.349372036457027, 227.58799908065862, 3604.837723342902], "tt_times": [2.861975546836853, 5.537237885475164, 11.08615267562865, 22.33107167053224, 44.75544977474218, 78.6076093921666, 158.7806493024823, 319.21969955158187], "round_times": [2.233728862047196, 4.280222461581227, 8.568311678767241, 17.278739740252536, 34.61585509467104, 66.4385563751462, 134.3313221747858, 270.1628367871075], "qr_times": [0.7633579195290804, 1.342852192118758, 2.6896449920013623, 5.446655647620566, 10.879085982516633, 20.67371897930691, 42.360478433165184, 89.99727906184518], "svd_times": [0.4095876797139654, 0.8163896961659179, 1.6364619843065833, 3.2955694718211763, 6.578404065445096, 12.534583995446702, 25.250328346030216, 50.117135664941024], "add_times": [0.24922601603716588, 0.4978390719145539, 0.9993863680139207, 2.0031122883707395, 4.012231008395521, 4.588072896157182, 9.215344061958655, 18.491826205959264], "basic_errors": [7.657617938525765e-14, 6.940772539293979e-14, 1.3074887386564907e-13, 1.3931111251673223e-13, 1.5705963378021178e-13, 2.972662340921643e-14, 4.3906767788741937e-13, 2.069193383012946e-12], "tt_errors": [1.0229955726164024e-13, 2.3353050321568346e-13, 4.2569766674327827e-13, 8.200079416819203e-13, 1.777379392689362e-12, 3.6887284238811616e-12, 7.229868952519285e-12, 1.65291182219441e-11], "basic_sizes": [3072, 24576, 196608, 1572864, 12582912, 100663296, 805306368, 6442450944], "tt_sizes": [1376, 2752, 5504, 11008, 22016, 44032, 88064, 176128], "ranks": [[[2, 2, 2, 2, 2, 2, 2, 2], [2, 2, 2, 2, 2, 2, 2, 2], [2, 2, 2, 2, 2, 2, 2, 2], [1, 1, 1, 1, 1, 1, 1, 1], [2, 2, 2, 2, 2, 2, 2, 2], [2, 2, 2, 2, 2, 2, 2, 2]], [[2, 2, 2, 2, 2, 2, 2, 2], [2, 2, 2, 2, 2, 2, 2, 2], [2, 2, 2, 2, 2, 2, 2, 2], [1, 1, 1, 1, 1, 1, 1, 1], [2, 2, 2, 2, 2, 2, 2, 2], [2, 2, 2, 2, 2, 2, 2, 2]]]}