{"sims": ["0.001-0.0001", "0.0001-0.0001", "1e-05-0.0001", "1e-06-0.0001", "0.001-1e-05", "0.0001-1e-05", "1e-05-1e-05", "1e-06-1e-05", "0.001-1e-06", "0.0001-1e-06", "1e-05-1e-06", "1e-06-1e-06"], "grids": [512], "times": [[905.6739182891831, 901.7000168495181, 848.5015369682337, 728.7996008453332, 904.8210011253357, 901.6967108116155, 848.4871664505, 719.9565858154307, 904.8796376953156, 901.681977325442, 848.3678223724372, 696.706363643646]], "round": [[805.7747571806899, 801.3100812137156, 749.6753052217899, 629.7526597788357, 805.3279166898735, 801.354872928866, 749.7073905713582, 621.137792615895, 805.3934001059499, 801.3422546393884, 749.6411777105404, 597.8190390913526]], "svd": [[709.4563127153989, 704.4721206851472, 654.0215023332537, 534.0120154795245, 709.4103349203888, 704.5496337515937, 653.9594378622623, 525.4803339350988, 709.4506010103969, 704.5225909007341, 653.9049126826742, 502.04335996645335]], "qr": [[147.48784105346655, 149.02895936477012, 146.3879166805115, 146.6843238774505, 147.30556147449937, 149.03831779317275, 146.4059435551887, 146.4458459843185, 147.32134207154596, 149.04170303569538, 146.39855036428008, 146.6284911231952]], "add": [[6.467197439983452, 6.363559071794087, 6.370168319955475, 6.372349215589385, 6.34955225585394, 6.347346400141604, 6.363638719148901, 6.348181279025985, 6.347965023539864, 6.343527966871808, 6.340141632214149, 6.342143326938095]], "norm": [[81.20983123826936, 81.95369708853892, 80.42753432929554, 80.62463798564717, 81.08353815883426, 81.95796342152401, 80.37880743110115, 80.44924597764012, 81.08669783759099, 81.95721764630154, 80.36984445530199, 80.53138436460499]], "errors": [[0.1627179129450416, 0.03946078083657361, 0.00022150011653655795, 0.000260861445208527, 0.1627179129450416, 0.03946078083657361, 0.00010371018903971835, 1.8255210385059912e-05, 0.1627179129450416, 0.03946078083657361, 0.00010371018903971835, 2.256470592518908e-05]], "sizes": [[4022272, 4112384, 4046848, 4210688, 4022272, 4112384, 3997696, 4055040, 4022272, 4112384, 3997696, 4046848]], "rank1": [[[83, 83, 83, 80, 80, 82], [85, 86, 84, 80, 80, 85], [84, 85, 85, 80, 80, 80], [93, 92, 85, 80, 80, 85], [83, 83, 83, 80, 80, 82], [85, 86, 84, 80, 80, 85], [81, 84, 84, 80, 80, 80], [85, 85, 85, 80, 80, 80], [83, 83, 83, 80, 80, 82], [85, 86, 84, 80, 80, 85], [81, 84, 84, 80, 80, 80], [83, 83, 85, 80, 80, 83]]], "rank2": [[[1, 1, 1, 1, 1, 1], [1, 1, 1, 1, 1, 1], [1, 1, 1, 1, 1, 1], [1, 1, 1, 1, 1, 1], [1, 1, 1, 1, 1, 1], [1, 1, 1, 1, 1, 1], [1, 1, 1, 1, 1, 1], [1, 1, 1, 1, 1, 1], [1, 1, 1, 1, 1, 1], [1, 1, 1, 1, 1, 1], [1, 1, 1, 1, 1, 1], [1, 1, 1, 1, 1, 1]]]}