{"grids": [4, 8, 16, 32, 64, 128, 256, 512], "basic_times": [], "tt_times": [3.0519036102294903, 6.362495553970336, 13.88295372772217, 30.786321584701568, 59.404277208328224, 137.96380205917333, 293.6201980323795, 670.8818817710858], "round_times": [2.3742390401363394, 4.99978380787373, 11.138048573255533, 25.30095427966125, 48.414393118142954, 115.91517131686064, 249.48613569736557, 582.3376691687123], "qr_times": [0.7999205437079071, 1.6196292483359627, 3.6675495045036106, 9.270078559011385, 21.670963980525265, 60.00044807812635, 137.56923832386542, 354.9892348242862], "svd_times": [0.39043561583757336, 1.0032079032957555, 2.9687077438235314, 7.308578656226395, 9.250487455949179, 20.78128617531029, 40.91715638568925, 84.6916285755171], "add_times": [0.2669693760722877, 0.535726815924049, 1.074144192382697, 2.1461598081737607, 4.299578239947608, 8.610030784897507, 17.273866914547163, 34.685589765287645], "basic_errors": [], "tt_errors": [773.3750376944397, 1124.4209192439241, 2295.10038656655, 0.0016171272843392875, 0.0017058292528142644, 0.003297930294852551, 0.005305507809717352, 0.01241669572944233], "basic_sizes": [], "tt_sizes": [1536, 11904, 92160, 184320, 368640, 737280, 1474560, 2949120], "ranks": [[[2, 5, 10, 10, 10, 10, 10, 10], [2, 5, 10, 10, 10, 10, 10, 10], [2, 4, 10, 10, 10, 10, 10, 10], [2, 5, 10, 10, 10, 10, 10, 10], [2, 4, 10, 10, 10, 10, 10, 10], [2, 5, 10, 10, 10, 10, 10, 10]], [[2, 5, 10, 10, 10, 10, 10, 10], [2, 5, 10, 10, 10, 10, 10, 10], [2, 5, 10, 10, 10, 10, 10, 10], [2, 5, 10, 10, 10, 10, 10, 10], [2, 5, 10, 10, 10, 10, 10, 10], [2, 5, 10, 10, 10, 10, 10, 10]]]}