{"sims": ["0.001-0", "0.0001-0", "1e-05-0", "1e-06-0", "0.001-0.001", "0.0001-0.001", "1e-05-0.001", "1e-06-0.001", "0.001-0.0001", "0.0001-0.0001", "1e-05-0.0001", "1e-06-0.0001", "0.001-1e-05", "0.0001-1e-05", "1e-05-1e-05", "1e-06-1e-05", "0.001-1e-06", "0.0001-1e-06", "1e-05-1e-06", "1e-06-1e-06"], "grids": [512], "times": [[415.042574842452, 404.62825336456314, 413.1421610717781, 358.64298651123073, 387.0187080726629, 377.3601892204287, 368.17356899643016, 360.89375745010256, 386.89844360732957, 375.1192922401443, 364.1390952224743, 358.52626700973485, 386.70501440811194, 374.873959575654, 362.179200805665, 356.5918029251096, 387.17010905075176, 375.344561222077, 362.61559186935546, 358.6587746047979]], "round": [[399.44078437781644, 389.1398376126275, 397.92969057130824, 343.51780268239935, 296.992833231925, 286.62925690674683, 277.89103263807147, 270.72200722599064, 296.9281297166352, 284.9152224648003, 274.36686883163435, 268.61701847934506, 296.83981586241987, 284.6930376544014, 272.451150709154, 266.8440941588871, 297.17419746184447, 285.0398510057924, 272.77047041869264, 268.7078307712072]], "svd": [[247.93204638661308, 235.17316307644342, 243.72283529175274, 193.29234862099284, 221.6357655312613, 210.73353336267303, 202.41587291099688, 195.39459984252997, 221.66853945822714, 209.5449759077426, 199.3353884050594, 193.44807171778302, 221.6178693043579, 209.3367517963582, 197.4125415426023, 191.8050826091086, 221.67571612076168, 209.39644131980833, 197.47331117002358, 193.28904366049304]], "qr": [[125.30299224182859, 128.05223149243125, 128.67271890483812, 124.92168329589052, 123.75252220409972, 124.98133702733978, 124.18727636653075, 124.09060540898251, 123.8639365305147, 124.22760538476491, 123.50000160557012, 123.77988735462448, 123.70509798541656, 124.2283054049156, 123.46299219866007, 123.48144711746069, 123.82927176184742, 124.31064071846082, 123.55348163713363, 123.73565186864182]], "add": [[6.077876992002023, 6.032453280582893, 5.933725824080256, 5.900473856344752, 5.890012577108913, 5.903882880546035, 5.878734369032042, 5.855852608487099, 5.838877951011087, 5.8322085124253915, 5.819656063422607, 5.817392511665813, 5.82864943974472, 5.821567711003097, 5.816172320917292, 5.832789920128974, 5.863107007816365, 5.85998972712451, 5.860583807610018, 5.8595842241644975]], "norm": [[0, 0, 0, 0, 73.66456149244314, 74.35280124127839, 73.93310389685628, 73.91343625521608, 73.75059956383734, 74.0096537905936, 73.58084904623145, 73.72578390741349, 73.64971088564363, 74.00865389800126, 73.5446579082019, 73.56236316061094, 73.70670957469846, 74.02777061736586, 73.5747796163561, 73.6757135974166]], "errors": [[3.583566880706085e+119, 0.07429495185770854, 0.002261271461322253, 0.00011392997498171017, 0.14619039682176194, 0.05941919079510543, 0.21777688998970635, 0.03455811347773653, 0.14619039682176194, 0.058039438747090735, 9.270819584010586e-05, 0.00014438529192375619, 0.14619039682176194, 0.058039438747090735, 9.699229175719084e-05, 1.3245117458353009e-05, 0.14619039682176194, 0.058039438747090735, 9.699229175719084e-05, 0.00019592021633191742]], "sizes": [[6156288, 4169728, 4407296, 4055040, 4014080, 4153344, 4153344, 4161536, 4014080, 4186112, 4022272, 4096000, 4014080, 4186112, 3997696, 4022272, 4014080, 4186112, 3997696, 4005888]], "rank1": [[[2, 2, 2, 2, 2, 2], [1, 1, 1, 1, 1, 1], [1, 1, 1, 1, 1, 1], [1, 1, 1, 1, 1, 1], [1, 1, 1, 1, 1, 1], [1, 1, 1, 1, 1, 1], [1, 1, 1, 1, 1, 1], [1, 1, 1, 1, 1, 1], [1, 1, 1, 1, 1, 1], [1, 1, 1, 1, 1, 1], [1, 1, 1, 1, 1, 1], [1, 1, 1, 1, 1, 1], [1, 1, 1, 1, 1, 1], [1, 1, 1, 1, 1, 1], [1, 1, 1, 1, 1, 1], [1, 1, 1, 1, 1, 1], [1, 1, 1, 1, 1, 1], [1, 1, 1, 1, 1, 1], [1, 1, 1, 1, 1, 1], [1, 1, 1, 1, 1, 1]]], "rank2": [[[89, 88, 88, 87, 87, 87], [91, 82, 81, 80, 88, 88], [93, 86, 87, 86, 92, 92], [86, 82, 82, 81, 82, 82], [84, 82, 83, 82, 80, 80], [92, 82, 82, 81, 85, 85], [98, 81, 82, 80, 86, 86], [102, 81, 82, 80, 86, 86], [84, 82, 83, 82, 80, 80], [84, 89, 90, 89, 80, 80], [91, 81, 82, 80, 80, 80], [98, 81, 82, 80, 83, 83], [84, 82, 83, 82, 80, 80], [84, 89, 90, 89, 80, 80], [86, 81, 82, 80, 80, 80], [92, 81, 82, 80, 80, 80], [84, 82, 83, 82, 80, 80], [84, 89, 90, 89, 80, 80], [86, 81, 82, 80, 80, 80], [87, 81, 82, 80, 81, 81]]]}