{"grids": [4, 8, 16, 32, 64, 128, 256, 512], "basic_times": [0.07565139207243915, 0.15445923209190368, 0.3092544963359836, 0.6217049277126797, 1.2407166081964958, 15.35145692729947, 227.59160260772782, 3604.87667990115], "tt_times": [2.713337670326232, 5.497757575035096, 12.620076436042776, 27.267840892791753, 67.30434560394282, 138.13742032814022, 298.0853276901267, 737.9422195129473], "round_times": [2.0850539827346783, 4.237103456735613, 10.07234460806843, 22.162323098897883, 57.09830350852029, 125.65201003146184, 272.77293922782366, 685.5405173273123], "qr_times": [0.6771180482804757, 1.3420870080441214, 3.4691522571891573, 8.233639392793279, 26.190644793465466, 64.11593676924738, 150.19766357749612, 438.4429177599157], "svd_times": [0.3447995839565993, 0.7826744319349532, 2.505545728608965, 5.828919616937669, 15.144088768780128, 30.00904032084332, 58.5391071375467, 117.48343657480393], "add_times": [0.2498502400368456, 0.5010293757691989, 1.0095176315978127, 2.018107936166249, 4.025778527945238, 4.730955168102806, 9.672235490561372, 20.528588321175956], "basic_errors": [0.0, 5.1513139320847735e-11, 4.483779353352793e-11, 9.861197883487339e-14, 9.673292260042036e-14, 4.1087160886184123e-13, 3.5005940336237406e-13, 3.287315961772765e-12], "tt_errors": [6.828469416111156e-14, 1.8376904558310005e-10, 1.4539260609509299e-10, 2.6136805448922655e+18, 0.00014058845244384942, 0.00014058845244038743, 0.00014058845243896718, 0.0001405884524379188], "basic_sizes": [3072, 24576, 196608, 1572864, 12582912, 100663296, 805306368, 6442450944], "tt_sizes": [576, 2752, 51584, 268288, 536576, 1073152, 2146304, 4292608], "ranks": [[[1, 2, 8, 14, 14, 14, 14, 14], [1, 2, 8, 14, 14, 14, 14, 14], [1, 2, 8, 14, 14, 14, 14, 14], [1, 1, 1, 1, 1, 1, 1, 1], [1, 2, 8, 14, 14, 14, 14, 14], [1, 2, 8, 14, 14, 14, 14, 14]], [[1, 2, 8, 15, 13, 13, 13, 13], [1, 2, 8, 13, 13, 13, 13, 13], [1, 2, 8, 13, 13, 13, 13, 13], [1, 1, 1, 1, 1, 1, 1, 1], [1, 2, 8, 13, 13, 13, 13, 13], [1, 2, 8, 13, 13, 13, 13, 13]]]}