{"sims": ["0.0001-0.001", "0.001-0.001"], "grids": [512], "times": [[437.13029711532573, 449.1018850440976]], "round": [[333.46459036302394, 346.29224363732186]], "svd": [[250.0508912692106, 263.7427669751811]], "qr": [[142.07492294801546, 141.45500424297273]], "add": [[6.817035007953643, 6.6464579204915974]], "norm": [[85.08744138419651, 84.67027313256224]], "errors": [[0.13187436121651983, 1.25852882302546]], "sizes": [[4112384, 4055040]], "rank1": [[[1, 1, 1, 1, 1, 1], [1, 1, 1, 1, 1, 1]]], "rank2": [[[89, 84, 84, 83, 81, 81], [83, 84, 84, 84, 80, 80]]]}