{"grids": [4, 8, 16, 32, 64, 128, 256, 512], "basic_times": [], "tt_times": [3.0651405687332156, 5.994807354927063, 12.234082659721386, 24.625050440788264, 50.671070421218786, 105.81552073287976, 198.8251440477375, 400.319915200233], "round_times": [2.3938980491161312, 4.6638703998327316, 9.56120902156829, 19.260741780161947, 39.91798450171979, 84.36795856952644, 155.80684624600553, 314.5542454564624], "qr_times": [0.7630921275764716, 1.509935328222812, 3.067386913254877, 7.031996129170059, 15.875639551587378, 36.539717676623575, 61.970940649749245, 130.98030003809689], "svd_times": [0.4013440961390735, 0.8249747515767814, 1.720154304087163, 3.142412352219196, 6.278693598613114, 12.037109183117781, 23.77983916921973, 46.57800400546514], "add_times": [0.2658177918493749, 0.5219224319756027, 1.048944383814925, 2.104186496004466, 4.212161344103528, 8.400714624136699, 16.833315454937477, 33.66054908541505], "basic_errors": [], "tt_errors": [2.4888403480416645, 2.1568374338093395, 2.170403077566588, 2.0534323040920937, 1.4920369978619765, 1.6823076080949497, 1.1887960455418132, 0.3357404652253866], "basic_sizes": [], "tt_sizes": [1024, 3584, 13056, 32256, 64512, 129024, 258048, 516096], "ranks": [[[1, 1, 1, 1, 1, 1, 1, 1], [1, 1, 1, 1, 1, 1, 1, 1], [1, 1, 1, 1, 1, 1, 1, 1], [1, 1, 1, 1, 1, 1, 1, 1], [1, 1, 1, 1, 1, 1, 1, 1], [1, 1, 1, 1, 1, 1, 1, 1]], [[2, 4, 8, 10, 10, 10, 10, 10], [2, 4, 8, 10, 10, 10, 10, 10], [2, 4, 8, 10, 10, 10, 10, 10], [3, 5, 8, 10, 10, 10, 10, 10], [2, 4, 8, 10, 10, 10, 10, 10], [2, 4, 8, 10, 10, 10, 10, 10]]]}