{"sims": ["basic", "0.0001-0", "0.0001-0.001", "0.0001-0.0001", "0.0001-1e-05", "0.0001-1e-06"], "grids": [16, 32, 64, 128, 256], "times": [[0.1457392004728318, 2.788080436706544, 2.382165433883666, 2.3819390649795538, 2.376742917060854, 2.3789599037170404], [0.26472972798347477, 7.339968111038209, 5.512461111068727, 5.511646589279178, 5.51242984580994, 5.5078917121887265], [0.5324264959096909, 29.88655619812013, 20.235081974029516, 20.23967705917358, 20.237705669403063, 20.233108303070065], [5.657015939235689, 206.09633105468717, 110.78942568206794, 110.76651752471935, 110.75761672973634, 110.77287659454345], [85.20290605926527, 1484.8198518066365, 522.2293049468984, 522.255977203369, 522.2275238800042, 522.2411387023922]], "round": [[[], 2.232316385030744, 1.3298285764455797, 1.329714784026146, 1.3266686708927151, 1.3287035853862779], [[], 6.264293981313699, 3.21931644928455, 3.218589437007908, 3.2183658267259636, 3.214392288208007], [[], 27.725418807983377, 11.33866529464721, 11.339906665086772, 11.340553822755815, 11.336110582828532], [[], 201.42775605201666, 50.054257371425734, 50.045547175407584, 50.03841611337661, 50.04710644817338], [[], 1459.5744400215156, 196.48787098407723, 196.49315670681034, 196.48435535526338, 196.4893134613042]], "svd": [[[], 0.5610970551669608, 0.3682553278058767, 0.36793158365786105, 0.3675884798914199, 0.36804217576980636], [[], 2.0598487338423728, 1.048013632148502, 1.0482442877441636, 1.0480089919567108, 1.0470495365560073], [[], 11.245053343832533, 5.007224800109858, 5.007878400951623, 5.008180066734547, 5.006851038545375], [[], 63.57134355890798, 17.974712991952885, 17.97361546283959, 17.97121506625417, 17.97422111630441], [[], 309.9634790174945, 47.29714519107335, 47.29853840005405, 47.29401345145725, 47.29725331234906]], "qr": [[[], 0.8103697601258768, 0.6932863036245107, 0.6936164486557269, 0.6923872321695083, 0.6925784640312213], [[], 2.569958592340344, 1.9646277757138026, 1.9649642871916315, 1.9662967360168644, 1.963796416714782], [[], 12.957141118317779, 10.034179193854346, 10.035121563136611, 10.035755648553371, 10.034834845691961], [[], 128.79635713005223, 81.26884622478502, 81.26380553507718, 81.26373760402234, 81.26621756696706], [[], 1089.7907854388923, 440.1885620806208, 440.20051301193104, 440.18798816514413, 440.19228859162314]], "add": [[[], 0.23069881531596179, 0.20817353589832802, 0.20818710393458612, 0.2076633600071072, 0.20787055997550502], [[], 0.4210515197440972, 0.4161466241255414, 0.41610960015654547, 0.4164314559176565, 0.4164983360767344], [[], 0.841922720067201, 0.8371808957383018, 0.8368329601064364, 0.8371632958650606, 0.8361775040179522], [[], 2.0160533759146966, 1.7118128955215226, 1.7075423677414683, 1.7079554239362507, 1.7084882237017234], [[], 12.862933850854711, 4.391127200342694, 4.3916238714941125, 4.391482430931167, 4.392011870820048]], "norm": [[[], 0, 0.4703968314528467, 0.47111376002430944, 0.46982163196802135, 0.46977555257082065], [[], 0, 1.1664355199337006, 1.1666502090692505, 1.167054561078549, 1.16581299173832], [[], 0, 6.606883969664541, 6.607603041291214, 6.606632896423329, 6.607244736075411], [[], 0, 56.05611044216154, 56.05012252759934, 56.05242982530602, 56.05242537593844], [[], 0, 315.86268588256814, 315.87328802967187, 315.8635207338321, 315.8687655544283]], "errors": [[3.2991760045596726e-12, 1.268949018886169e-11, 1.5593592413821277e-11, 1.5593592413821277e-11, 1.5593592413821277e-11, 1.5593592413821277e-11], [6.946550892757226e-12, 1.819216878461067e-05, 1.8192168784609124e-05, 1.8192168784609124e-05, 1.8192168784609124e-05, 1.8192168784609124e-05], [2.5879984708962498e-11, 2.3264137094642624e-05, 2.3264137094598558e-05, 2.3264137094598558e-05, 2.3264137094598558e-05, 2.3264137094598558e-05], [1.9639759544658864e-11, 5.0223700300350456e-08, 5.022369641431611e-08, 5.022369641431611e-08, 5.022369641431611e-08, 5.022369641431611e-08], [9.223313142450856e-14, 4.5910136135052835e-05, 4.591013613505351e-05, 4.591013613505351e-05, 4.591013613505351e-05, 4.591013613505351e-05]], "sizes": [[196608, 88064, 51584, 51584, 51584, 51584], [1572864, 565248, 287488, 287488, 287488, 287488], [12582912, 4313088, 2151936, 2151936, 2151936, 2151936], [100663296, 31416320, 14380032, 14380032, 14380032, 14380032], [805306368, 179861504, 44601344, 44601344, 44601344, 44601344]], "rank1": [[[], [8, 8, 8, 16, 8, 8], [8, 8, 8, 1, 8, 8], [8, 8, 8, 1, 8, 8], [8, 8, 8, 1, 8, 8], [8, 8, 8, 1, 8, 8]], [[], [14, 14, 14, 32, 14, 14], [14, 14, 14, 1, 14, 14], [14, 14, 14, 1, 14, 14], [14, 14, 14, 1, 14, 14], [14, 14, 14, 1, 14, 14]], [[], [28, 28, 28, 64, 28, 28], [28, 28, 28, 1, 28, 28], [28, 28, 28, 1, 28, 28], [28, 28, 28, 1, 28, 28], [28, 28, 28, 1, 28, 28]], [[], [52, 52, 52, 128, 52, 52], [52, 52, 52, 1, 52, 52], [52, 52, 52, 1, 52, 52], [52, 52, 52, 1, 52, 52], [52, 52, 52, 1, 52, 52]], [[], [65, 65, 65, 256, 65, 65], [65, 65, 65, 1, 65, 65], [65, 65, 65, 1, 65, 65], [65, 65, 65, 1, 65, 65], [65, 65, 65, 1, 65, 65]]], "rank2": [[[], [8, 8, 8, 16, 8, 8], [8, 8, 8, 1, 8, 8], [8, 8, 8, 1, 8, 8], [8, 8, 8, 1, 8, 8], [8, 8, 8, 1, 8, 8]], [[], [14, 14, 14, 32, 14, 14], [14, 14, 14, 1, 14, 14], [14, 14, 14, 1, 14, 14], [14, 14, 14, 1, 14, 14], [14, 14, 14, 1, 14, 14]], [[], [28, 28, 28, 64, 28, 28], [28, 28, 28, 1, 28, 28], [28, 28, 28, 1, 28, 28], [28, 28, 28, 1, 28, 28], [28, 28, 28, 1, 28, 28]], [[], [52, 52, 52, 128, 52, 52], [52, 52, 52, 1, 52, 52], [52, 52, 52, 1, 52, 52], [52, 52, 52, 1, 52, 52], [52, 52, 52, 1, 52, 52]], [[], [65, 65, 65, 256, 65, 65], [65, 65, 65, 1, 65, 65], [65, 65, 65, 1, 65, 65], [65, 65, 65, 1, 65, 65], [65, 65, 65, 1, 65, 65]]]}