{"grids": [4, 8, 16, 32, 64, 128, 256, 512], "basic_times": [], "tt_times": [3.246954454421996, 6.08919712543488, 12.699186505317678, 26.56666177749631, 51.70405879020689, 103.29049697494544, 205.50847774791723, 426.73856527900904], "round_times": [2.5621136872768413, 4.73270608174799, 9.974830720663059, 21.101146348953275, 40.778095817804086, 81.37512665867811, 161.61718952226641, 338.7654057381207], "qr_times": [0.753087711639704, 1.5236772800609415, 3.4332529917657406, 8.669637854605869, 16.017116669669797, 33.71299847252695, 63.30603224966453, 141.03536765955764], "svd_times": [0.39998015971481665, 0.838202911555767, 1.9803142404854286, 3.1558853757828325, 6.192820672288569, 11.134795101284926, 24.3791997715976, 49.75502358454439], "add_times": [0.275083040192723, 0.533327808000148, 1.070993023611608, 2.147447040155529, 4.290362976148738, 8.607801377303979, 17.211256609968288, 34.538892453689755], "basic_errors": [], "tt_errors": [8.254968936564456, 2.181984514858074, 2.100364982940179, 1.8987833947926955, 1.513034978409688, 1.6645650757339534, 1.1804791488943902, 0.33535536901705915], "basic_sizes": [], "tt_sizes": [768, 3072, 12288, 32256, 64512, 129024, 258048, 516096], "ranks": [[[1, 3, 7, 10, 10, 10, 10, 10], [1, 3, 7, 10, 10, 10, 10, 10], [2, 4, 8, 10, 10, 10, 10, 10], [2, 4, 8, 10, 10, 10, 10, 10], [2, 4, 8, 10, 10, 10, 10, 10], [1, 3, 7, 10, 10, 10, 10, 10]], [[1, 1, 1, 1, 1, 1, 1, 1], [1, 1, 1, 1, 1, 1, 1, 1], [1, 1, 1, 1, 1, 1, 1, 1], [1, 1, 1, 1, 1, 1, 1, 1], [1, 1, 1, 1, 1, 1, 1, 1], [1, 1, 1, 1, 1, 1, 1, 1]]]}